{
    "apiVersion": "v1",
    "items": [
        {
            "apiVersion": "v1",
            "kind": "Pod",
            "metadata": {
                "annotations": {
                    "kubernetes.io/limit-ranger": "LimitRanger plugin set: cpu request for container blackscholes"
                },
                "creationTimestamp": "2025-05-14T21:05:05Z",
                "generateName": "blackscholes-",
                "labels": {
                    "batch.kubernetes.io/controller-uid": "4b070a43-ac25-4605-be86-8f99e85f50be",
                    "batch.kubernetes.io/job-name": "blackscholes",
                    "controller-uid": "4b070a43-ac25-4605-be86-8f99e85f50be",
                    "job-name": "blackscholes"
                },
                "name": "blackscholes-txt8x",
                "namespace": "default",
                "ownerReferences": [
                    {
                        "apiVersion": "batch/v1",
                        "blockOwnerDeletion": true,
                        "controller": true,
                        "kind": "Job",
                        "name": "blackscholes",
                        "uid": "4b070a43-ac25-4605-be86-8f99e85f50be"
                    }
                ],
                "resourceVersion": "67606",
                "uid": "b913987e-ccaf-4f6c-896f-7a8c959c06f5"
            },
            "spec": {
                "containers": [
                    {
                        "args": [
                            "-c",
                            "taskset -c 0,1 ./run -a run -S parsec -p blackscholes -i native -n 2"
                        ],
                        "command": [
                            "/bin/sh"
                        ],
                        "image": "anakli/cca:parsec_blackscholes",
                        "imagePullPolicy": "Always",
                        "name": "blackscholes",
                        "resources": {
                            "requests": {
                                "cpu": "100m"
                            }
                        },
                        "terminationMessagePath": "/dev/termination-log",
                        "terminationMessagePolicy": "File",
                        "volumeMounts": [
                            {
                                "mountPath": "/var/run/secrets/kubernetes.io/serviceaccount",
                                "name": "kube-api-access-n84rj",
                                "readOnly": true
                            }
                        ]
                    }
                ],
                "dnsPolicy": "ClusterFirst",
                "enableServiceLinks": true,
                "nodeName": "node-c-4core-pgkr",
                "nodeSelector": {
                    "cca-project-nodetype": "node-c-4core"
                },
                "preemptionPolicy": "PreemptLowerPriority",
                "priority": 0,
                "restartPolicy": "Never",
                "schedulerName": "default-scheduler",
                "securityContext": {},
                "serviceAccount": "default",
                "serviceAccountName": "default",
                "terminationGracePeriodSeconds": 30,
                "tolerations": [
                    {
                        "effect": "NoExecute",
                        "key": "node.kubernetes.io/not-ready",
                        "operator": "Exists",
                        "tolerationSeconds": 300
                    },
                    {
                        "effect": "NoExecute",
                        "key": "node.kubernetes.io/unreachable",
                        "operator": "Exists",
                        "tolerationSeconds": 300
                    }
                ],
                "volumes": [
                    {
                        "name": "kube-api-access-n84rj",
                        "projected": {
                            "defaultMode": 420,
                            "sources": [
                                {
                                    "serviceAccountToken": {
                                        "expirationSeconds": 3607,
                                        "path": "token"
                                    }
                                },
                                {
                                    "configMap": {
                                        "items": [
                                            {
                                                "key": "ca.crt",
                                                "path": "ca.crt"
                                            }
                                        ],
                                        "name": "kube-root-ca.crt"
                                    }
                                },
                                {
                                    "downwardAPI": {
                                        "items": [
                                            {
                                                "fieldRef": {
                                                    "apiVersion": "v1",
                                                    "fieldPath": "metadata.namespace"
                                                },
                                                "path": "namespace"
                                            }
                                        ]
                                    }
                                }
                            ]
                        }
                    }
                ]
            },
            "status": {
                "conditions": [
                    {
                        "lastProbeTime": null,
                        "lastTransitionTime": "2025-05-14T21:06:14Z",
                        "status": "False",
                        "type": "PodReadyToStartContainers"
                    },
                    {
                        "lastProbeTime": null,
                        "lastTransitionTime": "2025-05-14T21:05:05Z",
                        "reason": "PodCompleted",
                        "status": "True",
                        "type": "Initialized"
                    },
                    {
                        "lastProbeTime": null,
                        "lastTransitionTime": "2025-05-14T21:06:12Z",
                        "reason": "PodCompleted",
                        "status": "False",
                        "type": "Ready"
                    },
                    {
                        "lastProbeTime": null,
                        "lastTransitionTime": "2025-05-14T21:06:12Z",
                        "reason": "PodCompleted",
                        "status": "False",
                        "type": "ContainersReady"
                    },
                    {
                        "lastProbeTime": null,
                        "lastTransitionTime": "2025-05-14T21:05:05Z",
                        "status": "True",
                        "type": "PodScheduled"
                    }
                ],
                "containerStatuses": [
                    {
                        "containerID": "containerd://ae10afb898124ba19ab038ea35c69d52db46cf75a96f8d97e81b12a089e91964",
                        "image": "docker.io/anakli/cca:parsec_blackscholes",
                        "imageID": "docker.io/anakli/cca@sha256:7a46dab25dbb692c7c9eaa7a6bf5edeb220e3209b2460a18d05be40533849dc3",
                        "lastState": {},
                        "name": "blackscholes",
                        "ready": false,
                        "restartCount": 0,
                        "started": false,
                        "state": {
                            "terminated": {
                                "containerID": "containerd://ae10afb898124ba19ab038ea35c69d52db46cf75a96f8d97e81b12a089e91964",
                                "exitCode": 0,
                                "finishedAt": "2025-05-14T21:06:11Z",
                                "reason": "Completed",
                                "startedAt": "2025-05-14T21:05:10Z"
                            }
                        },
                        "volumeMounts": [
                            {
                                "mountPath": "/var/run/secrets/kubernetes.io/serviceaccount",
                                "name": "kube-api-access-n84rj",
                                "readOnly": true,
                                "recursiveReadOnly": "Disabled"
                            }
                        ]
                    }
                ],
                "hostIP": "10.0.16.6",
                "hostIPs": [
                    {
                        "ip": "10.0.16.6"
                    }
                ],
                "phase": "Succeeded",
                "podIP": "100.96.1.47",
                "podIPs": [
                    {
                        "ip": "100.96.1.47"
                    }
                ],
                "qosClass": "Burstable",
                "startTime": "2025-05-14T21:05:05Z"
            }
        },
        {
            "apiVersion": "v1",
            "kind": "Pod",
            "metadata": {
                "annotations": {
                    "kubernetes.io/limit-ranger": "LimitRanger plugin set: cpu request for container canneal"
                },
                "creationTimestamp": "2025-05-14T21:05:06Z",
                "generateName": "canneal-",
                "labels": {
                    "batch.kubernetes.io/controller-uid": "64a3d5a0-cc8e-483b-9055-b90bb3f69e29",
                    "batch.kubernetes.io/job-name": "canneal",
                    "controller-uid": "64a3d5a0-cc8e-483b-9055-b90bb3f69e29",
                    "job-name": "canneal"
                },
                "name": "canneal-pf5bp",
                "namespace": "default",
                "ownerReferences": [
                    {
                        "apiVersion": "batch/v1",
                        "blockOwnerDeletion": true,
                        "controller": true,
                        "kind": "Job",
                        "name": "canneal",
                        "uid": "64a3d5a0-cc8e-483b-9055-b90bb3f69e29"
                    }
                ],
                "resourceVersion": "67929",
                "uid": "8c81fb23-d18b-4e9c-ab94-4ce21272d6b2"
            },
            "spec": {
                "containers": [
                    {
                        "args": [
                            "-c",
                            "taskset -c 0,1 ./run -a run -S parsec -p canneal -i native -n 2"
                        ],
                        "command": [
                            "/bin/sh"
                        ],
                        "image": "anakli/cca:parsec_canneal",
                        "imagePullPolicy": "Always",
                        "name": "canneal",
                        "resources": {
                            "requests": {
                                "cpu": "100m"
                            }
                        },
                        "terminationMessagePath": "/dev/termination-log",
                        "terminationMessagePolicy": "File",
                        "volumeMounts": [
                            {
                                "mountPath": "/var/run/secrets/kubernetes.io/serviceaccount",
                                "name": "kube-api-access-jr7db",
                                "readOnly": true
                            }
                        ]
                    }
                ],
                "dnsPolicy": "ClusterFirst",
                "enableServiceLinks": true,
                "nodeName": "node-b-2core-8jg9",
                "nodeSelector": {
                    "cca-project-nodetype": "node-b-2core"
                },
                "preemptionPolicy": "PreemptLowerPriority",
                "priority": 0,
                "restartPolicy": "Never",
                "schedulerName": "default-scheduler",
                "securityContext": {},
                "serviceAccount": "default",
                "serviceAccountName": "default",
                "terminationGracePeriodSeconds": 30,
                "tolerations": [
                    {
                        "effect": "NoExecute",
                        "key": "node.kubernetes.io/not-ready",
                        "operator": "Exists",
                        "tolerationSeconds": 300
                    },
                    {
                        "effect": "NoExecute",
                        "key": "node.kubernetes.io/unreachable",
                        "operator": "Exists",
                        "tolerationSeconds": 300
                    }
                ],
                "volumes": [
                    {
                        "name": "kube-api-access-jr7db",
                        "projected": {
                            "defaultMode": 420,
                            "sources": [
                                {
                                    "serviceAccountToken": {
                                        "expirationSeconds": 3607,
                                        "path": "token"
                                    }
                                },
                                {
                                    "configMap": {
                                        "items": [
                                            {
                                                "key": "ca.crt",
                                                "path": "ca.crt"
                                            }
                                        ],
                                        "name": "kube-root-ca.crt"
                                    }
                                },
                                {
                                    "downwardAPI": {
                                        "items": [
                                            {
                                                "fieldRef": {
                                                    "apiVersion": "v1",
                                                    "fieldPath": "metadata.namespace"
                                                },
                                                "path": "namespace"
                                            }
                                        ]
                                    }
                                }
                            ]
                        }
                    }
                ]
            },
            "status": {
                "conditions": [
                    {
                        "lastProbeTime": null,
                        "lastTransitionTime": "2025-05-14T21:07:30Z",
                        "status": "False",
                        "type": "PodReadyToStartContainers"
                    },
                    {
                        "lastProbeTime": null,
                        "lastTransitionTime": "2025-05-14T21:05:06Z",
                        "reason": "PodCompleted",
                        "status": "True",
                        "type": "Initialized"
                    },
                    {
                        "lastProbeTime": null,
                        "lastTransitionTime": "2025-05-14T21:07:29Z",
                        "reason": "PodCompleted",
                        "status": "False",
                        "type": "Ready"
                    },
                    {
                        "lastProbeTime": null,
                        "lastTransitionTime": "2025-05-14T21:07:29Z",
                        "reason": "PodCompleted",
                        "status": "False",
                        "type": "ContainersReady"
                    },
                    {
                        "lastProbeTime": null,
                        "lastTransitionTime": "2025-05-14T21:05:06Z",
                        "status": "True",
                        "type": "PodScheduled"
                    }
                ],
                "containerStatuses": [
                    {
                        "containerID": "containerd://00e6f669726dc10a42922817b460d4a721da2722667882946fb7e681c1670a12",
                        "image": "docker.io/anakli/cca:parsec_canneal",
                        "imageID": "docker.io/anakli/cca@sha256:cb8c3ea7a7071c7802b84179c36f52673ee099bbc2efd90149611285fec24367",
                        "lastState": {},
                        "name": "canneal",
                        "ready": false,
                        "restartCount": 0,
                        "started": false,
                        "state": {
                            "terminated": {
                                "containerID": "containerd://00e6f669726dc10a42922817b460d4a721da2722667882946fb7e681c1670a12",
                                "exitCode": 0,
                                "finishedAt": "2025-05-14T21:07:29Z",
                                "reason": "Completed",
                                "startedAt": "2025-05-14T21:05:07Z"
                            }
                        },
                        "volumeMounts": [
                            {
                                "mountPath": "/var/run/secrets/kubernetes.io/serviceaccount",
                                "name": "kube-api-access-jr7db",
                                "readOnly": true,
                                "recursiveReadOnly": "Disabled"
                            }
                        ]
                    }
                ],
                "hostIP": "10.0.16.8",
                "hostIPs": [
                    {
                        "ip": "10.0.16.8"
                    }
                ],
                "phase": "Succeeded",
                "podIP": "100.96.3.31",
                "podIPs": [
                    {
                        "ip": "100.96.3.31"
                    }
                ],
                "qosClass": "Burstable",
                "startTime": "2025-05-14T21:05:06Z"
            }
        },
        {
            "apiVersion": "v1",
            "kind": "Pod",
            "metadata": {
                "annotations": {
                    "kubernetes.io/limit-ranger": "LimitRanger plugin set: cpu request for container dedup"
                },
                "creationTimestamp": "2025-05-14T21:06:15Z",
                "generateName": "dedup-",
                "labels": {
                    "batch.kubernetes.io/controller-uid": "26ae23c9-7717-49b1-aef7-e0a379f945cd",
                    "batch.kubernetes.io/job-name": "dedup",
                    "controller-uid": "26ae23c9-7717-49b1-aef7-e0a379f945cd",
                    "job-name": "dedup"
                },
                "name": "dedup-zp77d",
                "namespace": "default",
                "ownerReferences": [
                    {
                        "apiVersion": "batch/v1",
                        "blockOwnerDeletion": true,
                        "controller": true,
                        "kind": "Job",
                        "name": "dedup",
                        "uid": "26ae23c9-7717-49b1-aef7-e0a379f945cd"
                    }
                ],
                "resourceVersion": "67772",
                "uid": "ef7a22c7-a4fb-410e-b73e-34da9b88595e"
            },
            "spec": {
                "containers": [
                    {
                        "args": [
                            "-c",
                            "taskset -c 0,1 ./run -a run -S parsec -p dedup -i native -n 2"
                        ],
                        "command": [
                            "/bin/sh"
                        ],
                        "image": "anakli/cca:parsec_dedup",
                        "imagePullPolicy": "Always",
                        "name": "dedup",
                        "resources": {
                            "requests": {
                                "cpu": "100m"
                            }
                        },
                        "terminationMessagePath": "/dev/termination-log",
                        "terminationMessagePolicy": "File",
                        "volumeMounts": [
                            {
                                "mountPath": "/var/run/secrets/kubernetes.io/serviceaccount",
                                "name": "kube-api-access-4fbp5",
                                "readOnly": true
                            }
                        ]
                    }
                ],
                "dnsPolicy": "ClusterFirst",
                "enableServiceLinks": true,
                "nodeName": "node-c-4core-pgkr",
                "nodeSelector": {
                    "cca-project-nodetype": "node-c-4core"
                },
                "preemptionPolicy": "PreemptLowerPriority",
                "priority": 0,
                "restartPolicy": "Never",
                "schedulerName": "default-scheduler",
                "securityContext": {},
                "serviceAccount": "default",
                "serviceAccountName": "default",
                "terminationGracePeriodSeconds": 30,
                "tolerations": [
                    {
                        "effect": "NoExecute",
                        "key": "node.kubernetes.io/not-ready",
                        "operator": "Exists",
                        "tolerationSeconds": 300
                    },
                    {
                        "effect": "NoExecute",
                        "key": "node.kubernetes.io/unreachable",
                        "operator": "Exists",
                        "tolerationSeconds": 300
                    }
                ],
                "volumes": [
                    {
                        "name": "kube-api-access-4fbp5",
                        "projected": {
                            "defaultMode": 420,
                            "sources": [
                                {
                                    "serviceAccountToken": {
                                        "expirationSeconds": 3607,
                                        "path": "token"
                                    }
                                },
                                {
                                    "configMap": {
                                        "items": [
                                            {
                                                "key": "ca.crt",
                                                "path": "ca.crt"
                                            }
                                        ],
                                        "name": "kube-root-ca.crt"
                                    }
                                },
                                {
                                    "downwardAPI": {
                                        "items": [
                                            {
                                                "fieldRef": {
                                                    "apiVersion": "v1",
                                                    "fieldPath": "metadata.namespace"
                                                },
                                                "path": "namespace"
                                            }
                                        ]
                                    }
                                }
                            ]
                        }
                    }
                ]
            },
            "status": {
                "conditions": [
                    {
                        "lastProbeTime": null,
                        "lastTransitionTime": "2025-05-14T21:06:51Z",
                        "status": "False",
                        "type": "PodReadyToStartContainers"
                    },
                    {
                        "lastProbeTime": null,
                        "lastTransitionTime": "2025-05-14T21:06:15Z",
                        "reason": "PodCompleted",
                        "status": "True",
                        "type": "Initialized"
                    },
                    {
                        "lastProbeTime": null,
                        "lastTransitionTime": "2025-05-14T21:06:50Z",
                        "reason": "PodCompleted",
                        "status": "False",
                        "type": "Ready"
                    },
                    {
                        "lastProbeTime": null,
                        "lastTransitionTime": "2025-05-14T21:06:50Z",
                        "reason": "PodCompleted",
                        "status": "False",
                        "type": "ContainersReady"
                    },
                    {
                        "lastProbeTime": null,
                        "lastTransitionTime": "2025-05-14T21:06:15Z",
                        "status": "True",
                        "type": "PodScheduled"
                    }
                ],
                "containerStatuses": [
                    {
                        "containerID": "containerd://0beed2af4f8db734356b19ce7eae2f6bf7ba506048e7e7e66e84fc0240be56bb",
                        "image": "docker.io/anakli/cca:parsec_dedup",
                        "imageID": "docker.io/anakli/cca@sha256:4bd64384b51253d5f69a5bb229055c6d114e4751b19036f29d8e75d84b53164d",
                        "lastState": {},
                        "name": "dedup",
                        "ready": false,
                        "restartCount": 0,
                        "started": false,
                        "state": {
                            "terminated": {
                                "containerID": "containerd://0beed2af4f8db734356b19ce7eae2f6bf7ba506048e7e7e66e84fc0240be56bb",
                                "exitCode": 0,
                                "finishedAt": "2025-05-14T21:06:49Z",
                                "reason": "Completed",
                                "startedAt": "2025-05-14T21:06:31Z"
                            }
                        },
                        "volumeMounts": [
                            {
                                "mountPath": "/var/run/secrets/kubernetes.io/serviceaccount",
                                "name": "kube-api-access-4fbp5",
                                "readOnly": true,
                                "recursiveReadOnly": "Disabled"
                            }
                        ]
                    }
                ],
                "hostIP": "10.0.16.6",
                "hostIPs": [
                    {
                        "ip": "10.0.16.6"
                    }
                ],
                "phase": "Succeeded",
                "podIP": "100.96.1.49",
                "podIPs": [
                    {
                        "ip": "100.96.1.49"
                    }
                ],
                "qosClass": "Burstable",
                "startTime": "2025-05-14T21:06:15Z"
            }
        },
        {
            "apiVersion": "v1",
            "kind": "Pod",
            "metadata": {
                "annotations": {
                    "kubernetes.io/limit-ranger": "LimitRanger plugin set: cpu request for container ferret"
                },
                "creationTimestamp": "2025-05-14T21:05:06Z",
                "generateName": "ferret-",
                "labels": {
                    "batch.kubernetes.io/controller-uid": "b9df306e-8002-4ba9-a3f1-b55f19db717a",
                    "batch.kubernetes.io/job-name": "ferret",
                    "controller-uid": "b9df306e-8002-4ba9-a3f1-b55f19db717a",
                    "job-name": "ferret"
                },
                "name": "ferret-lvq8x",
                "namespace": "default",
                "ownerReferences": [
                    {
                        "apiVersion": "batch/v1",
                        "blockOwnerDeletion": true,
                        "controller": true,
                        "kind": "Job",
                        "name": "ferret",
                        "uid": "b9df306e-8002-4ba9-a3f1-b55f19db717a"
                    }
                ],
                "resourceVersion": "67970",
                "uid": "884882f7-2f2c-486a-be4d-64d88bff3b34"
            },
            "spec": {
                "containers": [
                    {
                        "args": [
                            "-c",
                            "taskset -c 0,1,2,3 ./run -a run -S parsec -p ferret -i native -n 4"
                        ],
                        "command": [
                            "/bin/sh"
                        ],
                        "image": "anakli/cca:parsec_ferret",
                        "imagePullPolicy": "Always",
                        "name": "ferret",
                        "resources": {
                            "requests": {
                                "cpu": "100m"
                            }
                        },
                        "terminationMessagePath": "/dev/termination-log",
                        "terminationMessagePolicy": "File",
                        "volumeMounts": [
                            {
                                "mountPath": "/var/run/secrets/kubernetes.io/serviceaccount",
                                "name": "kube-api-access-55ftv",
                                "readOnly": true
                            }
                        ]
                    }
                ],
                "dnsPolicy": "ClusterFirst",
                "enableServiceLinks": true,
                "nodeName": "node-c-4core-pgkr",
                "nodeSelector": {
                    "cca-project-nodetype": "node-c-4core"
                },
                "preemptionPolicy": "PreemptLowerPriority",
                "priority": 0,
                "restartPolicy": "Never",
                "schedulerName": "default-scheduler",
                "securityContext": {},
                "serviceAccount": "default",
                "serviceAccountName": "default",
                "terminationGracePeriodSeconds": 30,
                "tolerations": [
                    {
                        "effect": "NoExecute",
                        "key": "node.kubernetes.io/not-ready",
                        "operator": "Exists",
                        "tolerationSeconds": 300
                    },
                    {
                        "effect": "NoExecute",
                        "key": "node.kubernetes.io/unreachable",
                        "operator": "Exists",
                        "tolerationSeconds": 300
                    }
                ],
                "volumes": [
                    {
                        "name": "kube-api-access-55ftv",
                        "projected": {
                            "defaultMode": 420,
                            "sources": [
                                {
                                    "serviceAccountToken": {
                                        "expirationSeconds": 3607,
                                        "path": "token"
                                    }
                                },
                                {
                                    "configMap": {
                                        "items": [
                                            {
                                                "key": "ca.crt",
                                                "path": "ca.crt"
                                            }
                                        ],
                                        "name": "kube-root-ca.crt"
                                    }
                                },
                                {
                                    "downwardAPI": {
                                        "items": [
                                            {
                                                "fieldRef": {
                                                    "apiVersion": "v1",
                                                    "fieldPath": "metadata.namespace"
                                                },
                                                "path": "namespace"
                                            }
                                        ]
                                    }
                                }
                            ]
                        }
                    }
                ]
            },
            "status": {
                "conditions": [
                    {
                        "lastProbeTime": null,
                        "lastTransitionTime": "2025-05-14T21:07:38Z",
                        "status": "False",
                        "type": "PodReadyToStartContainers"
                    },
                    {
                        "lastProbeTime": null,
                        "lastTransitionTime": "2025-05-14T21:05:06Z",
                        "reason": "PodCompleted",
                        "status": "True",
                        "type": "Initialized"
                    },
                    {
                        "lastProbeTime": null,
                        "lastTransitionTime": "2025-05-14T21:07:37Z",
                        "reason": "PodCompleted",
                        "status": "False",
                        "type": "Ready"
                    },
                    {
                        "lastProbeTime": null,
                        "lastTransitionTime": "2025-05-14T21:07:37Z",
                        "reason": "PodCompleted",
                        "status": "False",
                        "type": "ContainersReady"
                    },
                    {
                        "lastProbeTime": null,
                        "lastTransitionTime": "2025-05-14T21:05:06Z",
                        "status": "True",
                        "type": "PodScheduled"
                    }
                ],
                "containerStatuses": [
                    {
                        "containerID": "containerd://e190151c711c02f5564fb1dc18ee6639b93945789399f834e9d2db0d4239693a",
                        "image": "docker.io/anakli/cca:parsec_ferret",
                        "imageID": "docker.io/anakli/cca@sha256:3f14f111258188c28b3d2b7a7f3510220f99048148a083cd9fc6168daaea9e17",
                        "lastState": {},
                        "name": "ferret",
                        "ready": false,
                        "restartCount": 0,
                        "started": false,
                        "state": {
                            "terminated": {
                                "containerID": "containerd://e190151c711c02f5564fb1dc18ee6639b93945789399f834e9d2db0d4239693a",
                                "exitCode": 0,
                                "finishedAt": "2025-05-14T21:07:36Z",
                                "reason": "Completed",
                                "startedAt": "2025-05-14T21:05:19Z"
                            }
                        },
                        "volumeMounts": [
                            {
                                "mountPath": "/var/run/secrets/kubernetes.io/serviceaccount",
                                "name": "kube-api-access-55ftv",
                                "readOnly": true,
                                "recursiveReadOnly": "Disabled"
                            }
                        ]
                    }
                ],
                "hostIP": "10.0.16.6",
                "hostIPs": [
                    {
                        "ip": "10.0.16.6"
                    }
                ],
                "phase": "Succeeded",
                "podIP": "100.96.1.48",
                "podIPs": [
                    {
                        "ip": "100.96.1.48"
                    }
                ],
                "qosClass": "Burstable",
                "startTime": "2025-05-14T21:05:06Z"
            }
        },
        {
            "apiVersion": "v1",
            "kind": "Pod",
            "metadata": {
                "annotations": {
                    "kubernetes.io/limit-ranger": "LimitRanger plugin set: cpu request for container freqmine"
                },
                "creationTimestamp": "2025-05-14T21:05:06Z",
                "generateName": "freqmine-",
                "labels": {
                    "batch.kubernetes.io/controller-uid": "2c628adc-6f7b-4478-b08b-5da500531e43",
                    "batch.kubernetes.io/job-name": "freqmine",
                    "controller-uid": "2c628adc-6f7b-4478-b08b-5da500531e43",
                    "job-name": "freqmine"
                },
                "name": "freqmine-jtlh6",
                "namespace": "default",
                "ownerReferences": [
                    {
                        "apiVersion": "batch/v1",
                        "blockOwnerDeletion": true,
                        "controller": true,
                        "kind": "Job",
                        "name": "freqmine",
                        "uid": "2c628adc-6f7b-4478-b08b-5da500531e43"
                    }
                ],
                "resourceVersion": "68250",
                "uid": "97996e75-bf44-4dfd-b1ad-dd4ed34833d2"
            },
            "spec": {
                "containers": [
                    {
                        "args": [
                            "-c",
                            "taskset -c 0,1,2,3 ./run -a run -S parsec -p freqmine -i native -n 4"
                        ],
                        "command": [
                            "/bin/sh"
                        ],
                        "image": "anakli/cca:parsec_freqmine",
                        "imagePullPolicy": "Always",
                        "name": "freqmine",
                        "resources": {
                            "requests": {
                                "cpu": "100m"
                            }
                        },
                        "terminationMessagePath": "/dev/termination-log",
                        "terminationMessagePolicy": "File",
                        "volumeMounts": [
                            {
                                "mountPath": "/var/run/secrets/kubernetes.io/serviceaccount",
                                "name": "kube-api-access-85zws",
                                "readOnly": true
                            }
                        ]
                    }
                ],
                "dnsPolicy": "ClusterFirst",
                "enableServiceLinks": true,
                "nodeName": "node-d-4core-z2nn",
                "nodeSelector": {
                    "cca-project-nodetype": "node-d-4core"
                },
                "preemptionPolicy": "PreemptLowerPriority",
                "priority": 0,
                "restartPolicy": "Never",
                "schedulerName": "default-scheduler",
                "securityContext": {},
                "serviceAccount": "default",
                "serviceAccountName": "default",
                "terminationGracePeriodSeconds": 30,
                "tolerations": [
                    {
                        "effect": "NoExecute",
                        "key": "node.kubernetes.io/not-ready",
                        "operator": "Exists",
                        "tolerationSeconds": 300
                    },
                    {
                        "effect": "NoExecute",
                        "key": "node.kubernetes.io/unreachable",
                        "operator": "Exists",
                        "tolerationSeconds": 300
                    }
                ],
                "volumes": [
                    {
                        "name": "kube-api-access-85zws",
                        "projected": {
                            "defaultMode": 420,
                            "sources": [
                                {
                                    "serviceAccountToken": {
                                        "expirationSeconds": 3607,
                                        "path": "token"
                                    }
                                },
                                {
                                    "configMap": {
                                        "items": [
                                            {
                                                "key": "ca.crt",
                                                "path": "ca.crt"
                                            }
                                        ],
                                        "name": "kube-root-ca.crt"
                                    }
                                },
                                {
                                    "downwardAPI": {
                                        "items": [
                                            {
                                                "fieldRef": {
                                                    "apiVersion": "v1",
                                                    "fieldPath": "metadata.namespace"
                                                },
                                                "path": "namespace"
                                            }
                                        ]
                                    }
                                }
                            ]
                        }
                    }
                ]
            },
            "status": {
                "conditions": [
                    {
                        "lastProbeTime": null,
                        "lastTransitionTime": "2025-05-14T21:08:51Z",
                        "status": "False",
                        "type": "PodReadyToStartContainers"
                    },
                    {
                        "lastProbeTime": null,
                        "lastTransitionTime": "2025-05-14T21:05:06Z",
                        "reason": "PodCompleted",
                        "status": "True",
                        "type": "Initialized"
                    },
                    {
                        "lastProbeTime": null,
                        "lastTransitionTime": "2025-05-14T21:08:50Z",
                        "reason": "PodCompleted",
                        "status": "False",
                        "type": "Ready"
                    },
                    {
                        "lastProbeTime": null,
                        "lastTransitionTime": "2025-05-14T21:08:50Z",
                        "reason": "PodCompleted",
                        "status": "False",
                        "type": "ContainersReady"
                    },
                    {
                        "lastProbeTime": null,
                        "lastTransitionTime": "2025-05-14T21:05:06Z",
                        "status": "True",
                        "type": "PodScheduled"
                    }
                ],
                "containerStatuses": [
                    {
                        "containerID": "containerd://a099d0bfedef8c8d9904314bce4c05169558b208fac9dd9aa818b242bcfa1de3",
                        "image": "docker.io/anakli/cca:parsec_freqmine",
                        "imageID": "docker.io/anakli/cca@sha256:c2a2f85fe345a655e84a629f04a1ca30482b9c0dd658bed193ed1d70a6395e5a",
                        "lastState": {},
                        "name": "freqmine",
                        "ready": false,
                        "restartCount": 0,
                        "started": false,
                        "state": {
                            "terminated": {
                                "containerID": "containerd://a099d0bfedef8c8d9904314bce4c05169558b208fac9dd9aa818b242bcfa1de3",
                                "exitCode": 0,
                                "finishedAt": "2025-05-14T21:08:49Z",
                                "reason": "Completed",
                                "startedAt": "2025-05-14T21:06:08Z"
                            }
                        },
                        "volumeMounts": [
                            {
                                "mountPath": "/var/run/secrets/kubernetes.io/serviceaccount",
                                "name": "kube-api-access-85zws",
                                "readOnly": true,
                                "recursiveReadOnly": "Disabled"
                            }
                        ]
                    }
                ],
                "hostIP": "10.0.16.7",
                "hostIPs": [
                    {
                        "ip": "10.0.16.7"
                    }
                ],
                "phase": "Succeeded",
                "podIP": "100.96.4.62",
                "podIPs": [
                    {
                        "ip": "100.96.4.62"
                    }
                ],
                "qosClass": "Burstable",
                "startTime": "2025-05-14T21:05:06Z"
            }
        },
        {
            "apiVersion": "v1",
            "kind": "Pod",
            "metadata": {
                "annotations": {
                    "kubernetes.io/limit-ranger": "LimitRanger plugin set: cpu request for container radix"
                },
                "creationTimestamp": "2025-05-14T21:05:06Z",
                "generateName": "radix-",
                "labels": {
                    "batch.kubernetes.io/controller-uid": "e82fff8d-ec8d-436f-b73a-d1305118334f",
                    "batch.kubernetes.io/job-name": "radix",
                    "controller-uid": "e82fff8d-ec8d-436f-b73a-d1305118334f",
                    "job-name": "radix"
                },
                "name": "radix-zfmwl",
                "namespace": "default",
                "ownerReferences": [
                    {
                        "apiVersion": "batch/v1",
                        "blockOwnerDeletion": true,
                        "controller": true,
                        "kind": "Job",
                        "name": "radix",
                        "uid": "e82fff8d-ec8d-436f-b73a-d1305118334f"
                    }
                ],
                "resourceVersion": "67740",
                "uid": "6e9e0baf-dd89-4481-a22c-1d8278fad086"
            },
            "spec": {
                "containers": [
                    {
                        "args": [
                            "-c",
                            "taskset -c 0 ./run -a run -S splash2x -p radix -i native -n 1"
                        ],
                        "command": [
                            "/bin/sh"
                        ],
                        "image": "anakli/cca:splash2x_radix",
                        "imagePullPolicy": "Always",
                        "name": "radix",
                        "resources": {
                            "requests": {
                                "cpu": "100m"
                            }
                        },
                        "terminationMessagePath": "/dev/termination-log",
                        "terminationMessagePolicy": "File",
                        "volumeMounts": [
                            {
                                "mountPath": "/var/run/secrets/kubernetes.io/serviceaccount",
                                "name": "kube-api-access-qfrdq",
                                "readOnly": true
                            }
                        ]
                    }
                ],
                "dnsPolicy": "ClusterFirst",
                "enableServiceLinks": true,
                "nodeName": "node-a-2core-h460",
                "nodeSelector": {
                    "cca-project-nodetype": "node-a-2core"
                },
                "preemptionPolicy": "PreemptLowerPriority",
                "priority": 0,
                "restartPolicy": "Never",
                "schedulerName": "default-scheduler",
                "securityContext": {},
                "serviceAccount": "default",
                "serviceAccountName": "default",
                "terminationGracePeriodSeconds": 30,
                "tolerations": [
                    {
                        "effect": "NoExecute",
                        "key": "node.kubernetes.io/not-ready",
                        "operator": "Exists",
                        "tolerationSeconds": 300
                    },
                    {
                        "effect": "NoExecute",
                        "key": "node.kubernetes.io/unreachable",
                        "operator": "Exists",
                        "tolerationSeconds": 300
                    }
                ],
                "volumes": [
                    {
                        "name": "kube-api-access-qfrdq",
                        "projected": {
                            "defaultMode": 420,
                            "sources": [
                                {
                                    "serviceAccountToken": {
                                        "expirationSeconds": 3607,
                                        "path": "token"
                                    }
                                },
                                {
                                    "configMap": {
                                        "items": [
                                            {
                                                "key": "ca.crt",
                                                "path": "ca.crt"
                                            }
                                        ],
                                        "name": "kube-root-ca.crt"
                                    }
                                },
                                {
                                    "downwardAPI": {
                                        "items": [
                                            {
                                                "fieldRef": {
                                                    "apiVersion": "v1",
                                                    "fieldPath": "metadata.namespace"
                                                },
                                                "path": "namespace"
                                            }
                                        ]
                                    }
                                }
                            ]
                        }
                    }
                ]
            },
            "status": {
                "conditions": [
                    {
                        "lastProbeTime": null,
                        "lastTransitionTime": "2025-05-14T21:06:45Z",
                        "status": "False",
                        "type": "PodReadyToStartContainers"
                    },
                    {
                        "lastProbeTime": null,
                        "lastTransitionTime": "2025-05-14T21:05:06Z",
                        "reason": "PodCompleted",
                        "status": "True",
                        "type": "Initialized"
                    },
                    {
                        "lastProbeTime": null,
                        "lastTransitionTime": "2025-05-14T21:06:44Z",
                        "reason": "PodCompleted",
                        "status": "False",
                        "type": "Ready"
                    },
                    {
                        "lastProbeTime": null,
                        "lastTransitionTime": "2025-05-14T21:06:44Z",
                        "reason": "PodCompleted",
                        "status": "False",
                        "type": "ContainersReady"
                    },
                    {
                        "lastProbeTime": null,
                        "lastTransitionTime": "2025-05-14T21:05:06Z",
                        "status": "True",
                        "type": "PodScheduled"
                    }
                ],
                "containerStatuses": [
                    {
                        "containerID": "containerd://e70e3a36bc4239615d357361e75f07f628c78459d5027d9849c324d5237666db",
                        "image": "docker.io/anakli/cca:splash2x_radix",
                        "imageID": "docker.io/anakli/cca@sha256:dbf0e10e749cf6544504ec0c90a206b8fcdc7fced6c23df536f5857f3f0ed319",
                        "lastState": {},
                        "name": "radix",
                        "ready": false,
                        "restartCount": 0,
                        "started": false,
                        "state": {
                            "terminated": {
                                "containerID": "containerd://e70e3a36bc4239615d357361e75f07f628c78459d5027d9849c324d5237666db",
                                "exitCode": 0,
                                "finishedAt": "2025-05-14T21:06:44Z",
                                "reason": "Completed",
                                "startedAt": "2025-05-14T21:05:08Z"
                            }
                        },
                        "volumeMounts": [
                            {
                                "mountPath": "/var/run/secrets/kubernetes.io/serviceaccount",
                                "name": "kube-api-access-qfrdq",
                                "readOnly": true,
                                "recursiveReadOnly": "Disabled"
                            }
                        ]
                    }
                ],
                "hostIP": "10.0.16.3",
                "hostIPs": [
                    {
                        "ip": "10.0.16.3"
                    }
                ],
                "phase": "Succeeded",
                "podIP": "100.96.9.51",
                "podIPs": [
                    {
                        "ip": "100.96.9.51"
                    }
                ],
                "qosClass": "Burstable",
                "startTime": "2025-05-14T21:05:06Z"
            }
        },
        {
            "apiVersion": "v1",
            "kind": "Pod",
            "metadata": {
                "annotations": {
                    "kubernetes.io/limit-ranger": "LimitRanger plugin set: cpu request for container memcached"
                },
                "creationTimestamp": "2025-05-14T21:04:28Z",
                "labels": {
                    "name": "some-memcached"
                },
                "name": "some-memcached",
                "namespace": "default",
                "resourceVersion": "67164",
                "uid": "2e321e3f-f7b5-4eda-b1ac-a59f7847a787"
            },
            "spec": {
                "containers": [
                    {
                        "args": [
                            "-c",
                            "taskset -c 1 ./memcached -t 1 -u memcache"
                        ],
                        "command": [
                            "/bin/sh"
                        ],
                        "image": "anakli/memcached:t1",
                        "imagePullPolicy": "Always",
                        "name": "memcached",
                        "resources": {
                            "requests": {
                                "cpu": "100m"
                            }
                        },
                        "terminationMessagePath": "/dev/termination-log",
                        "terminationMessagePolicy": "File",
                        "volumeMounts": [
                            {
                                "mountPath": "/var/run/secrets/kubernetes.io/serviceaccount",
                                "name": "kube-api-access-zh7tt",
                                "readOnly": true
                            }
                        ]
                    }
                ],
                "dnsPolicy": "ClusterFirst",
                "enableServiceLinks": true,
                "nodeName": "node-a-2core-h460",
                "nodeSelector": {
                    "cca-project-nodetype": "node-a-2core"
                },
                "preemptionPolicy": "PreemptLowerPriority",
                "priority": 0,
                "restartPolicy": "Always",
                "schedulerName": "default-scheduler",
                "securityContext": {},
                "serviceAccount": "default",
                "serviceAccountName": "default",
                "terminationGracePeriodSeconds": 30,
                "tolerations": [
                    {
                        "effect": "NoExecute",
                        "key": "node.kubernetes.io/not-ready",
                        "operator": "Exists",
                        "tolerationSeconds": 300
                    },
                    {
                        "effect": "NoExecute",
                        "key": "node.kubernetes.io/unreachable",
                        "operator": "Exists",
                        "tolerationSeconds": 300
                    }
                ],
                "volumes": [
                    {
                        "name": "kube-api-access-zh7tt",
                        "projected": {
                            "defaultMode": 420,
                            "sources": [
                                {
                                    "serviceAccountToken": {
                                        "expirationSeconds": 3607,
                                        "path": "token"
                                    }
                                },
                                {
                                    "configMap": {
                                        "items": [
                                            {
                                                "key": "ca.crt",
                                                "path": "ca.crt"
                                            }
                                        ],
                                        "name": "kube-root-ca.crt"
                                    }
                                },
                                {
                                    "downwardAPI": {
                                        "items": [
                                            {
                                                "fieldRef": {
                                                    "apiVersion": "v1",
                                                    "fieldPath": "metadata.namespace"
                                                },
                                                "path": "namespace"
                                            }
                                        ]
                                    }
                                }
                            ]
                        }
                    }
                ]
            },
            "status": {
                "conditions": [
                    {
                        "lastProbeTime": null,
                        "lastTransitionTime": "2025-05-14T21:04:31Z",
                        "status": "True",
                        "type": "PodReadyToStartContainers"
                    },
                    {
                        "lastProbeTime": null,
                        "lastTransitionTime": "2025-05-14T21:04:28Z",
                        "status": "True",
                        "type": "Initialized"
                    },
                    {
                        "lastProbeTime": null,
                        "lastTransitionTime": "2025-05-14T21:04:31Z",
                        "status": "True",
                        "type": "Ready"
                    },
                    {
                        "lastProbeTime": null,
                        "lastTransitionTime": "2025-05-14T21:04:31Z",
                        "status": "True",
                        "type": "ContainersReady"
                    },
                    {
                        "lastProbeTime": null,
                        "lastTransitionTime": "2025-05-14T21:04:28Z",
                        "status": "True",
                        "type": "PodScheduled"
                    }
                ],
                "containerStatuses": [
                    {
                        "containerID": "containerd://3ba26d003d2e3a7679b3d2126cc6486f8fccad874ad6851fc1cb6e6dcf054606",
                        "image": "docker.io/anakli/memcached:t1",
                        "imageID": "sha256:5366d8d9fe88b4f31f0f2a8e5b3a14db60afab3c6c5ee3d58be293c1fb232804",
                        "lastState": {},
                        "name": "memcached",
                        "ready": true,
                        "restartCount": 0,
                        "started": true,
                        "state": {
                            "running": {
                                "startedAt": "2025-05-14T21:04:31Z"
                            }
                        },
                        "volumeMounts": [
                            {
                                "mountPath": "/var/run/secrets/kubernetes.io/serviceaccount",
                                "name": "kube-api-access-zh7tt",
                                "readOnly": true,
                                "recursiveReadOnly": "Disabled"
                            }
                        ]
                    }
                ],
                "hostIP": "10.0.16.3",
                "hostIPs": [
                    {
                        "ip": "10.0.16.3"
                    }
                ],
                "phase": "Running",
                "podIP": "100.96.9.50",
                "podIPs": [
                    {
                        "ip": "100.96.9.50"
                    }
                ],
                "qosClass": "Burstable",
                "startTime": "2025-05-14T21:04:28Z"
            }
        },
        {
            "apiVersion": "v1",
            "kind": "Pod",
            "metadata": {
                "annotations": {
                    "kubernetes.io/limit-ranger": "LimitRanger plugin set: cpu request for container vips"
                },
                "creationTimestamp": "2025-05-14T21:05:05Z",
                "generateName": "vips-",
                "labels": {
                    "batch.kubernetes.io/controller-uid": "861c07f0-9cd4-4a2c-ac6b-07e0cdbb647f",
                    "batch.kubernetes.io/job-name": "vips",
                    "controller-uid": "861c07f0-9cd4-4a2c-ac6b-07e0cdbb647f",
                    "job-name": "vips"
                },
                "name": "vips-qdmsc",
                "namespace": "default",
                "ownerReferences": [
                    {
                        "apiVersion": "batch/v1",
                        "blockOwnerDeletion": true,
                        "controller": true,
                        "kind": "Job",
                        "name": "vips",
                        "uid": "861c07f0-9cd4-4a2c-ac6b-07e0cdbb647f"
                    }
                ],
                "resourceVersion": "67950",
                "uid": "a682d75a-49a6-45ea-85fc-8e29c100e67f"
            },
            "spec": {
                "containers": [
                    {
                        "args": [
                            "-c",
                            "taskset -c 0 ./run -a run -S parsec -p vips -i native -n 1"
                        ],
                        "command": [
                            "/bin/sh"
                        ],
                        "image": "anakli/cca:parsec_vips",
                        "imagePullPolicy": "Always",
                        "name": "vips",
                        "resources": {
                            "requests": {
                                "cpu": "100m"
                            }
                        },
                        "terminationMessagePath": "/dev/termination-log",
                        "terminationMessagePolicy": "File",
                        "volumeMounts": [
                            {
                                "mountPath": "/var/run/secrets/kubernetes.io/serviceaccount",
                                "name": "kube-api-access-9z6jp",
                                "readOnly": true
                            }
                        ]
                    }
                ],
                "dnsPolicy": "ClusterFirst",
                "enableServiceLinks": true,
                "nodeName": "node-d-4core-z2nn",
                "nodeSelector": {
                    "cca-project-nodetype": "node-d-4core"
                },
                "preemptionPolicy": "PreemptLowerPriority",
                "priority": 0,
                "restartPolicy": "Never",
                "schedulerName": "default-scheduler",
                "securityContext": {},
                "serviceAccount": "default",
                "serviceAccountName": "default",
                "terminationGracePeriodSeconds": 30,
                "tolerations": [
                    {
                        "effect": "NoExecute",
                        "key": "node.kubernetes.io/not-ready",
                        "operator": "Exists",
                        "tolerationSeconds": 300
                    },
                    {
                        "effect": "NoExecute",
                        "key": "node.kubernetes.io/unreachable",
                        "operator": "Exists",
                        "tolerationSeconds": 300
                    }
                ],
                "volumes": [
                    {
                        "name": "kube-api-access-9z6jp",
                        "projected": {
                            "defaultMode": 420,
                            "sources": [
                                {
                                    "serviceAccountToken": {
                                        "expirationSeconds": 3607,
                                        "path": "token"
                                    }
                                },
                                {
                                    "configMap": {
                                        "items": [
                                            {
                                                "key": "ca.crt",
                                                "path": "ca.crt"
                                            }
                                        ],
                                        "name": "kube-root-ca.crt"
                                    }
                                },
                                {
                                    "downwardAPI": {
                                        "items": [
                                            {
                                                "fieldRef": {
                                                    "apiVersion": "v1",
                                                    "fieldPath": "metadata.namespace"
                                                },
                                                "path": "namespace"
                                            }
                                        ]
                                    }
                                }
                            ]
                        }
                    }
                ]
            },
            "status": {
                "conditions": [
                    {
                        "lastProbeTime": null,
                        "lastTransitionTime": "2025-05-14T21:07:35Z",
                        "status": "False",
                        "type": "PodReadyToStartContainers"
                    },
                    {
                        "lastProbeTime": null,
                        "lastTransitionTime": "2025-05-14T21:05:05Z",
                        "reason": "PodCompleted",
                        "status": "True",
                        "type": "Initialized"
                    },
                    {
                        "lastProbeTime": null,
                        "lastTransitionTime": "2025-05-14T21:07:34Z",
                        "reason": "PodCompleted",
                        "status": "False",
                        "type": "Ready"
                    },
                    {
                        "lastProbeTime": null,
                        "lastTransitionTime": "2025-05-14T21:07:34Z",
                        "reason": "PodCompleted",
                        "status": "False",
                        "type": "ContainersReady"
                    },
                    {
                        "lastProbeTime": null,
                        "lastTransitionTime": "2025-05-14T21:05:05Z",
                        "status": "True",
                        "type": "PodScheduled"
                    }
                ],
                "containerStatuses": [
                    {
                        "containerID": "containerd://f3e38cb6c749e15549c4bc95ee463019623a7776e96d655cc41391e793d64bd3",
                        "image": "docker.io/anakli/cca:parsec_vips",
                        "imageID": "docker.io/anakli/cca@sha256:5c719838bc3d4d72143f27ca60bb5fe6f5f5b60be53b3972e73350596aa03547",
                        "lastState": {},
                        "name": "vips",
                        "ready": false,
                        "restartCount": 0,
                        "started": false,
                        "state": {
                            "terminated": {
                                "containerID": "containerd://f3e38cb6c749e15549c4bc95ee463019623a7776e96d655cc41391e793d64bd3",
                                "exitCode": 0,
                                "finishedAt": "2025-05-14T21:07:33Z",
                                "reason": "Completed",
                                "startedAt": "2025-05-14T21:05:37Z"
                            }
                        },
                        "volumeMounts": [
                            {
                                "mountPath": "/var/run/secrets/kubernetes.io/serviceaccount",
                                "name": "kube-api-access-9z6jp",
                                "readOnly": true,
                                "recursiveReadOnly": "Disabled"
                            }
                        ]
                    }
                ],
                "hostIP": "10.0.16.7",
                "hostIPs": [
                    {
                        "ip": "10.0.16.7"
                    }
                ],
                "phase": "Succeeded",
                "podIP": "100.96.4.61",
                "podIPs": [
                    {
                        "ip": "100.96.4.61"
                    }
                ],
                "qosClass": "Burstable",
                "startTime": "2025-05-14T21:05:05Z"
            }
        }
    ],
    "kind": "List",
    "metadata": {
        "resourceVersion": ""
    }
}
