{
    "apiVersion": "v1",
    "items": [
        {
            "apiVersion": "v1",
            "kind": "Pod",
            "metadata": {
                "annotations": {
                    "kubernetes.io/limit-ranger": "LimitRanger plugin set: cpu request for container blackscholes"
                },
                "creationTimestamp": "2025-05-14T19:47:07Z",
                "generateName": "blackscholes-",
                "labels": {
                    "batch.kubernetes.io/controller-uid": "0f43ecde-e667-4859-93ed-b4e48946f8b6",
                    "batch.kubernetes.io/job-name": "blackscholes",
                    "controller-uid": "0f43ecde-e667-4859-93ed-b4e48946f8b6",
                    "job-name": "blackscholes"
                },
                "name": "blackscholes-2mh8m",
                "namespace": "default",
                "ownerReferences": [
                    {
                        "apiVersion": "batch/v1",
                        "blockOwnerDeletion": true,
                        "controller": true,
                        "kind": "Job",
                        "name": "blackscholes",
                        "uid": "0f43ecde-e667-4859-93ed-b4e48946f8b6"
                    }
                ],
                "resourceVersion": "49400",
                "uid": "b47fd8c4-8553-4e56-a9c7-4940811199b8"
            },
            "spec": {
                "containers": [
                    {
                        "args": [
                            "-c",
                            "taskset -c 0,1 ./run -a run -S parsec -p blackscholes -i native -n 2"
                        ],
                        "command": [
                            "/bin/sh"
                        ],
                        "image": "anakli/cca:parsec_blackscholes",
                        "imagePullPolicy": "Always",
                        "name": "blackscholes",
                        "resources": {
                            "requests": {
                                "cpu": "100m"
                            }
                        },
                        "terminationMessagePath": "/dev/termination-log",
                        "terminationMessagePolicy": "File",
                        "volumeMounts": [
                            {
                                "mountPath": "/var/run/secrets/kubernetes.io/serviceaccount",
                                "name": "kube-api-access-x88m6",
                                "readOnly": true
                            }
                        ]
                    }
                ],
                "dnsPolicy": "ClusterFirst",
                "enableServiceLinks": true,
                "nodeName": "node-d-4core-z2nn",
                "nodeSelector": {
                    "cca-project-nodetype": "node-d-4core"
                },
                "preemptionPolicy": "PreemptLowerPriority",
                "priority": 0,
                "restartPolicy": "Never",
                "schedulerName": "default-scheduler",
                "securityContext": {},
                "serviceAccount": "default",
                "serviceAccountName": "default",
                "terminationGracePeriodSeconds": 30,
                "tolerations": [
                    {
                        "effect": "NoExecute",
                        "key": "node.kubernetes.io/not-ready",
                        "operator": "Exists",
                        "tolerationSeconds": 300
                    },
                    {
                        "effect": "NoExecute",
                        "key": "node.kubernetes.io/unreachable",
                        "operator": "Exists",
                        "tolerationSeconds": 300
                    }
                ],
                "volumes": [
                    {
                        "name": "kube-api-access-x88m6",
                        "projected": {
                            "defaultMode": 420,
                            "sources": [
                                {
                                    "serviceAccountToken": {
                                        "expirationSeconds": 3607,
                                        "path": "token"
                                    }
                                },
                                {
                                    "configMap": {
                                        "items": [
                                            {
                                                "key": "ca.crt",
                                                "path": "ca.crt"
                                            }
                                        ],
                                        "name": "kube-root-ca.crt"
                                    }
                                },
                                {
                                    "downwardAPI": {
                                        "items": [
                                            {
                                                "fieldRef": {
                                                    "apiVersion": "v1",
                                                    "fieldPath": "metadata.namespace"
                                                },
                                                "path": "namespace"
                                            }
                                        ]
                                    }
                                }
                            ]
                        }
                    }
                ]
            },
            "status": {
                "conditions": [
                    {
                        "lastProbeTime": null,
                        "lastTransitionTime": "2025-05-14T19:48:20Z",
                        "status": "False",
                        "type": "PodReadyToStartContainers"
                    },
                    {
                        "lastProbeTime": null,
                        "lastTransitionTime": "2025-05-14T19:47:07Z",
                        "reason": "PodCompleted",
                        "status": "True",
                        "type": "Initialized"
                    },
                    {
                        "lastProbeTime": null,
                        "lastTransitionTime": "2025-05-14T19:48:19Z",
                        "reason": "PodCompleted",
                        "status": "False",
                        "type": "Ready"
                    },
                    {
                        "lastProbeTime": null,
                        "lastTransitionTime": "2025-05-14T19:48:19Z",
                        "reason": "PodCompleted",
                        "status": "False",
                        "type": "ContainersReady"
                    },
                    {
                        "lastProbeTime": null,
                        "lastTransitionTime": "2025-05-14T19:47:07Z",
                        "status": "True",
                        "type": "PodScheduled"
                    }
                ],
                "containerStatuses": [
                    {
                        "containerID": "containerd://02a56c4b1cdb252b1237f22929df3c3f0fab00fb8cb25c8fd222e616a03eea70",
                        "image": "docker.io/anakli/cca:parsec_blackscholes",
                        "imageID": "docker.io/anakli/cca@sha256:7a46dab25dbb692c7c9eaa7a6bf5edeb220e3209b2460a18d05be40533849dc3",
                        "lastState": {},
                        "name": "blackscholes",
                        "ready": false,
                        "restartCount": 0,
                        "started": false,
                        "state": {
                            "terminated": {
                                "containerID": "containerd://02a56c4b1cdb252b1237f22929df3c3f0fab00fb8cb25c8fd222e616a03eea70",
                                "exitCode": 0,
                                "finishedAt": "2025-05-14T19:48:17Z",
                                "reason": "Completed",
                                "startedAt": "2025-05-14T19:47:08Z"
                            }
                        },
                        "volumeMounts": [
                            {
                                "mountPath": "/var/run/secrets/kubernetes.io/serviceaccount",
                                "name": "kube-api-access-x88m6",
                                "readOnly": true,
                                "recursiveReadOnly": "Disabled"
                            }
                        ]
                    }
                ],
                "hostIP": "10.0.16.7",
                "hostIPs": [
                    {
                        "ip": "10.0.16.7"
                    }
                ],
                "phase": "Succeeded",
                "podIP": "100.96.4.52",
                "podIPs": [
                    {
                        "ip": "100.96.4.52"
                    }
                ],
                "qosClass": "Burstable",
                "startTime": "2025-05-14T19:47:07Z"
            }
        },
        {
            "apiVersion": "v1",
            "kind": "Pod",
            "metadata": {
                "annotations": {
                    "kubernetes.io/limit-ranger": "LimitRanger plugin set: cpu request for container canneal"
                },
                "creationTimestamp": "2025-05-14T19:47:07Z",
                "generateName": "canneal-",
                "labels": {
                    "batch.kubernetes.io/controller-uid": "828b441b-a68f-4a1b-9e0d-a61022763b17",
                    "batch.kubernetes.io/job-name": "canneal",
                    "controller-uid": "828b441b-a68f-4a1b-9e0d-a61022763b17",
                    "job-name": "canneal"
                },
                "name": "canneal-bjb5x",
                "namespace": "default",
                "ownerReferences": [
                    {
                        "apiVersion": "batch/v1",
                        "blockOwnerDeletion": true,
                        "controller": true,
                        "kind": "Job",
                        "name": "canneal",
                        "uid": "828b441b-a68f-4a1b-9e0d-a61022763b17"
                    }
                ],
                "resourceVersion": "49684",
                "uid": "b8422a7c-2052-4357-b876-6e8bc13ab61a"
            },
            "spec": {
                "containers": [
                    {
                        "args": [
                            "-c",
                            "taskset -c 0,1 ./run -a run -S parsec -p canneal -i native -n 2"
                        ],
                        "command": [
                            "/bin/sh"
                        ],
                        "image": "anakli/cca:parsec_canneal",
                        "imagePullPolicy": "Always",
                        "name": "canneal",
                        "resources": {
                            "requests": {
                                "cpu": "100m"
                            }
                        },
                        "terminationMessagePath": "/dev/termination-log",
                        "terminationMessagePolicy": "File",
                        "volumeMounts": [
                            {
                                "mountPath": "/var/run/secrets/kubernetes.io/serviceaccount",
                                "name": "kube-api-access-jwtdc",
                                "readOnly": true
                            }
                        ]
                    }
                ],
                "dnsPolicy": "ClusterFirst",
                "enableServiceLinks": true,
                "nodeName": "node-b-2core-8jg9",
                "nodeSelector": {
                    "cca-project-nodetype": "node-b-2core"
                },
                "preemptionPolicy": "PreemptLowerPriority",
                "priority": 0,
                "restartPolicy": "Never",
                "schedulerName": "default-scheduler",
                "securityContext": {},
                "serviceAccount": "default",
                "serviceAccountName": "default",
                "terminationGracePeriodSeconds": 30,
                "tolerations": [
                    {
                        "effect": "NoExecute",
                        "key": "node.kubernetes.io/not-ready",
                        "operator": "Exists",
                        "tolerationSeconds": 300
                    },
                    {
                        "effect": "NoExecute",
                        "key": "node.kubernetes.io/unreachable",
                        "operator": "Exists",
                        "tolerationSeconds": 300
                    }
                ],
                "volumes": [
                    {
                        "name": "kube-api-access-jwtdc",
                        "projected": {
                            "defaultMode": 420,
                            "sources": [
                                {
                                    "serviceAccountToken": {
                                        "expirationSeconds": 3607,
                                        "path": "token"
                                    }
                                },
                                {
                                    "configMap": {
                                        "items": [
                                            {
                                                "key": "ca.crt",
                                                "path": "ca.crt"
                                            }
                                        ],
                                        "name": "kube-root-ca.crt"
                                    }
                                },
                                {
                                    "downwardAPI": {
                                        "items": [
                                            {
                                                "fieldRef": {
                                                    "apiVersion": "v1",
                                                    "fieldPath": "metadata.namespace"
                                                },
                                                "path": "namespace"
                                            }
                                        ]
                                    }
                                }
                            ]
                        }
                    }
                ]
            },
            "status": {
                "conditions": [
                    {
                        "lastProbeTime": null,
                        "lastTransitionTime": "2025-05-14T19:49:27Z",
                        "status": "False",
                        "type": "PodReadyToStartContainers"
                    },
                    {
                        "lastProbeTime": null,
                        "lastTransitionTime": "2025-05-14T19:47:07Z",
                        "reason": "PodCompleted",
                        "status": "True",
                        "type": "Initialized"
                    },
                    {
                        "lastProbeTime": null,
                        "lastTransitionTime": "2025-05-14T19:49:26Z",
                        "reason": "PodCompleted",
                        "status": "False",
                        "type": "Ready"
                    },
                    {
                        "lastProbeTime": null,
                        "lastTransitionTime": "2025-05-14T19:49:26Z",
                        "reason": "PodCompleted",
                        "status": "False",
                        "type": "ContainersReady"
                    },
                    {
                        "lastProbeTime": null,
                        "lastTransitionTime": "2025-05-14T19:47:07Z",
                        "status": "True",
                        "type": "PodScheduled"
                    }
                ],
                "containerStatuses": [
                    {
                        "containerID": "containerd://462934ef4e9e61aea4501d81431c1b847343a1b34b9036c7b666f709efd14441",
                        "image": "docker.io/anakli/cca:parsec_canneal",
                        "imageID": "docker.io/anakli/cca@sha256:cb8c3ea7a7071c7802b84179c36f52673ee099bbc2efd90149611285fec24367",
                        "lastState": {},
                        "name": "canneal",
                        "ready": false,
                        "restartCount": 0,
                        "started": false,
                        "state": {
                            "terminated": {
                                "containerID": "containerd://462934ef4e9e61aea4501d81431c1b847343a1b34b9036c7b666f709efd14441",
                                "exitCode": 0,
                                "finishedAt": "2025-05-14T19:49:25Z",
                                "reason": "Completed",
                                "startedAt": "2025-05-14T19:47:08Z"
                            }
                        },
                        "volumeMounts": [
                            {
                                "mountPath": "/var/run/secrets/kubernetes.io/serviceaccount",
                                "name": "kube-api-access-jwtdc",
                                "readOnly": true,
                                "recursiveReadOnly": "Disabled"
                            }
                        ]
                    }
                ],
                "hostIP": "10.0.16.8",
                "hostIPs": [
                    {
                        "ip": "10.0.16.8"
                    }
                ],
                "phase": "Succeeded",
                "podIP": "100.96.3.28",
                "podIPs": [
                    {
                        "ip": "100.96.3.28"
                    }
                ],
                "qosClass": "Burstable",
                "startTime": "2025-05-14T19:47:07Z"
            }
        },
        {
            "apiVersion": "v1",
            "kind": "Pod",
            "metadata": {
                "annotations": {
                    "kubernetes.io/limit-ranger": "LimitRanger plugin set: cpu request for container dedup"
                },
                "creationTimestamp": "2025-05-14T19:48:21Z",
                "generateName": "dedup-",
                "labels": {
                    "batch.kubernetes.io/controller-uid": "438ed919-02c0-492a-883d-5bd644839a78",
                    "batch.kubernetes.io/job-name": "dedup",
                    "controller-uid": "438ed919-02c0-492a-883d-5bd644839a78",
                    "job-name": "dedup"
                },
                "name": "dedup-6xgt5",
                "namespace": "default",
                "ownerReferences": [
                    {
                        "apiVersion": "batch/v1",
                        "blockOwnerDeletion": true,
                        "controller": true,
                        "kind": "Job",
                        "name": "dedup",
                        "uid": "438ed919-02c0-492a-883d-5bd644839a78"
                    }
                ],
                "resourceVersion": "49520",
                "uid": "349549d0-678f-44a1-b0b4-bb7592902b33"
            },
            "spec": {
                "containers": [
                    {
                        "args": [
                            "-c",
                            "taskset -c 0,1 ./run -a run -S parsec -p dedup -i native -n 2"
                        ],
                        "command": [
                            "/bin/sh"
                        ],
                        "image": "anakli/cca:parsec_dedup",
                        "imagePullPolicy": "Always",
                        "name": "dedup",
                        "resources": {
                            "requests": {
                                "cpu": "100m"
                            }
                        },
                        "terminationMessagePath": "/dev/termination-log",
                        "terminationMessagePolicy": "File",
                        "volumeMounts": [
                            {
                                "mountPath": "/var/run/secrets/kubernetes.io/serviceaccount",
                                "name": "kube-api-access-gqp8j",
                                "readOnly": true
                            }
                        ]
                    }
                ],
                "dnsPolicy": "ClusterFirst",
                "enableServiceLinks": true,
                "nodeName": "node-d-4core-z2nn",
                "nodeSelector": {
                    "cca-project-nodetype": "node-d-4core"
                },
                "preemptionPolicy": "PreemptLowerPriority",
                "priority": 0,
                "restartPolicy": "Never",
                "schedulerName": "default-scheduler",
                "securityContext": {},
                "serviceAccount": "default",
                "serviceAccountName": "default",
                "terminationGracePeriodSeconds": 30,
                "tolerations": [
                    {
                        "effect": "NoExecute",
                        "key": "node.kubernetes.io/not-ready",
                        "operator": "Exists",
                        "tolerationSeconds": 300
                    },
                    {
                        "effect": "NoExecute",
                        "key": "node.kubernetes.io/unreachable",
                        "operator": "Exists",
                        "tolerationSeconds": 300
                    }
                ],
                "volumes": [
                    {
                        "name": "kube-api-access-gqp8j",
                        "projected": {
                            "defaultMode": 420,
                            "sources": [
                                {
                                    "serviceAccountToken": {
                                        "expirationSeconds": 3607,
                                        "path": "token"
                                    }
                                },
                                {
                                    "configMap": {
                                        "items": [
                                            {
                                                "key": "ca.crt",
                                                "path": "ca.crt"
                                            }
                                        ],
                                        "name": "kube-root-ca.crt"
                                    }
                                },
                                {
                                    "downwardAPI": {
                                        "items": [
                                            {
                                                "fieldRef": {
                                                    "apiVersion": "v1",
                                                    "fieldPath": "metadata.namespace"
                                                },
                                                "path": "namespace"
                                            }
                                        ]
                                    }
                                }
                            ]
                        }
                    }
                ]
            },
            "status": {
                "conditions": [
                    {
                        "lastProbeTime": null,
                        "lastTransitionTime": "2025-05-14T19:48:47Z",
                        "status": "False",
                        "type": "PodReadyToStartContainers"
                    },
                    {
                        "lastProbeTime": null,
                        "lastTransitionTime": "2025-05-14T19:48:21Z",
                        "reason": "PodCompleted",
                        "status": "True",
                        "type": "Initialized"
                    },
                    {
                        "lastProbeTime": null,
                        "lastTransitionTime": "2025-05-14T19:48:46Z",
                        "reason": "PodCompleted",
                        "status": "False",
                        "type": "Ready"
                    },
                    {
                        "lastProbeTime": null,
                        "lastTransitionTime": "2025-05-14T19:48:46Z",
                        "reason": "PodCompleted",
                        "status": "False",
                        "type": "ContainersReady"
                    },
                    {
                        "lastProbeTime": null,
                        "lastTransitionTime": "2025-05-14T19:48:21Z",
                        "status": "True",
                        "type": "PodScheduled"
                    }
                ],
                "containerStatuses": [
                    {
                        "containerID": "containerd://5b99a9e27578067f11cae37abfb111ce503636cc7381d5836a76db4d19764bd2",
                        "image": "docker.io/anakli/cca:parsec_dedup",
                        "imageID": "docker.io/anakli/cca@sha256:4bd64384b51253d5f69a5bb229055c6d114e4751b19036f29d8e75d84b53164d",
                        "lastState": {},
                        "name": "dedup",
                        "ready": false,
                        "restartCount": 0,
                        "started": false,
                        "state": {
                            "terminated": {
                                "containerID": "containerd://5b99a9e27578067f11cae37abfb111ce503636cc7381d5836a76db4d19764bd2",
                                "exitCode": 0,
                                "finishedAt": "2025-05-14T19:48:40Z",
                                "reason": "Completed",
                                "startedAt": "2025-05-14T19:48:23Z"
                            }
                        },
                        "volumeMounts": [
                            {
                                "mountPath": "/var/run/secrets/kubernetes.io/serviceaccount",
                                "name": "kube-api-access-gqp8j",
                                "readOnly": true,
                                "recursiveReadOnly": "Disabled"
                            }
                        ]
                    }
                ],
                "hostIP": "10.0.16.7",
                "hostIPs": [
                    {
                        "ip": "10.0.16.7"
                    }
                ],
                "phase": "Succeeded",
                "podIP": "100.96.4.54",
                "podIPs": [
                    {
                        "ip": "100.96.4.54"
                    }
                ],
                "qosClass": "Burstable",
                "startTime": "2025-05-14T19:48:21Z"
            }
        },
        {
            "apiVersion": "v1",
            "kind": "Pod",
            "metadata": {
                "annotations": {
                    "kubernetes.io/limit-ranger": "LimitRanger plugin set: cpu request for container ferret"
                },
                "creationTimestamp": "2025-05-14T19:47:07Z",
                "generateName": "ferret-",
                "labels": {
                    "batch.kubernetes.io/controller-uid": "f14f94e8-76ee-4bbb-8212-d14526003ce1",
                    "batch.kubernetes.io/job-name": "ferret",
                    "controller-uid": "f14f94e8-76ee-4bbb-8212-d14526003ce1",
                    "job-name": "ferret"
                },
                "name": "ferret-n4l4z",
                "namespace": "default",
                "ownerReferences": [
                    {
                        "apiVersion": "batch/v1",
                        "blockOwnerDeletion": true,
                        "controller": true,
                        "kind": "Job",
                        "name": "ferret",
                        "uid": "f14f94e8-76ee-4bbb-8212-d14526003ce1"
                    }
                ],
                "resourceVersion": "49740",
                "uid": "c3e043a2-6ea2-4223-bb7a-d1d120c5e7f0"
            },
            "spec": {
                "containers": [
                    {
                        "args": [
                            "-c",
                            "taskset -c 0,1,2,3 ./run -a run -S parsec -p ferret -i native -n 4"
                        ],
                        "command": [
                            "/bin/sh"
                        ],
                        "image": "anakli/cca:parsec_ferret",
                        "imagePullPolicy": "Always",
                        "name": "ferret",
                        "resources": {
                            "requests": {
                                "cpu": "100m"
                            }
                        },
                        "terminationMessagePath": "/dev/termination-log",
                        "terminationMessagePolicy": "File",
                        "volumeMounts": [
                            {
                                "mountPath": "/var/run/secrets/kubernetes.io/serviceaccount",
                                "name": "kube-api-access-cnb6z",
                                "readOnly": true
                            }
                        ]
                    }
                ],
                "dnsPolicy": "ClusterFirst",
                "enableServiceLinks": true,
                "nodeName": "node-d-4core-z2nn",
                "nodeSelector": {
                    "cca-project-nodetype": "node-d-4core"
                },
                "preemptionPolicy": "PreemptLowerPriority",
                "priority": 0,
                "restartPolicy": "Never",
                "schedulerName": "default-scheduler",
                "securityContext": {},
                "serviceAccount": "default",
                "serviceAccountName": "default",
                "terminationGracePeriodSeconds": 30,
                "tolerations": [
                    {
                        "effect": "NoExecute",
                        "key": "node.kubernetes.io/not-ready",
                        "operator": "Exists",
                        "tolerationSeconds": 300
                    },
                    {
                        "effect": "NoExecute",
                        "key": "node.kubernetes.io/unreachable",
                        "operator": "Exists",
                        "tolerationSeconds": 300
                    }
                ],
                "volumes": [
                    {
                        "name": "kube-api-access-cnb6z",
                        "projected": {
                            "defaultMode": 420,
                            "sources": [
                                {
                                    "serviceAccountToken": {
                                        "expirationSeconds": 3607,
                                        "path": "token"
                                    }
                                },
                                {
                                    "configMap": {
                                        "items": [
                                            {
                                                "key": "ca.crt",
                                                "path": "ca.crt"
                                            }
                                        ],
                                        "name": "kube-root-ca.crt"
                                    }
                                },
                                {
                                    "downwardAPI": {
                                        "items": [
                                            {
                                                "fieldRef": {
                                                    "apiVersion": "v1",
                                                    "fieldPath": "metadata.namespace"
                                                },
                                                "path": "namespace"
                                            }
                                        ]
                                    }
                                }
                            ]
                        }
                    }
                ]
            },
            "status": {
                "conditions": [
                    {
                        "lastProbeTime": null,
                        "lastTransitionTime": "2025-05-14T19:49:40Z",
                        "status": "False",
                        "type": "PodReadyToStartContainers"
                    },
                    {
                        "lastProbeTime": null,
                        "lastTransitionTime": "2025-05-14T19:47:07Z",
                        "reason": "PodCompleted",
                        "status": "True",
                        "type": "Initialized"
                    },
                    {
                        "lastProbeTime": null,
                        "lastTransitionTime": "2025-05-14T19:49:39Z",
                        "reason": "PodCompleted",
                        "status": "False",
                        "type": "Ready"
                    },
                    {
                        "lastProbeTime": null,
                        "lastTransitionTime": "2025-05-14T19:49:39Z",
                        "reason": "PodCompleted",
                        "status": "False",
                        "type": "ContainersReady"
                    },
                    {
                        "lastProbeTime": null,
                        "lastTransitionTime": "2025-05-14T19:47:07Z",
                        "status": "True",
                        "type": "PodScheduled"
                    }
                ],
                "containerStatuses": [
                    {
                        "containerID": "containerd://c0986577aae6a5c24d1870550c24e318f277ece5d3b75d926bbaa171c063e4c8",
                        "image": "docker.io/anakli/cca:parsec_ferret",
                        "imageID": "docker.io/anakli/cca@sha256:3f14f111258188c28b3d2b7a7f3510220f99048148a083cd9fc6168daaea9e17",
                        "lastState": {},
                        "name": "ferret",
                        "ready": false,
                        "restartCount": 0,
                        "started": false,
                        "state": {
                            "terminated": {
                                "containerID": "containerd://c0986577aae6a5c24d1870550c24e318f277ece5d3b75d926bbaa171c063e4c8",
                                "exitCode": 0,
                                "finishedAt": "2025-05-14T19:49:38Z",
                                "reason": "Completed",
                                "startedAt": "2025-05-14T19:47:09Z"
                            }
                        },
                        "volumeMounts": [
                            {
                                "mountPath": "/var/run/secrets/kubernetes.io/serviceaccount",
                                "name": "kube-api-access-cnb6z",
                                "readOnly": true,
                                "recursiveReadOnly": "Disabled"
                            }
                        ]
                    }
                ],
                "hostIP": "10.0.16.7",
                "hostIPs": [
                    {
                        "ip": "10.0.16.7"
                    }
                ],
                "phase": "Succeeded",
                "podIP": "100.96.4.53",
                "podIPs": [
                    {
                        "ip": "100.96.4.53"
                    }
                ],
                "qosClass": "Burstable",
                "startTime": "2025-05-14T19:47:07Z"
            }
        },
        {
            "apiVersion": "v1",
            "kind": "Pod",
            "metadata": {
                "annotations": {
                    "kubernetes.io/limit-ranger": "LimitRanger plugin set: cpu request for container freqmine"
                },
                "creationTimestamp": "2025-05-14T19:47:08Z",
                "generateName": "freqmine-",
                "labels": {
                    "batch.kubernetes.io/controller-uid": "15da3a43-f6f1-4cc9-b932-222c499a2720",
                    "batch.kubernetes.io/job-name": "freqmine",
                    "controller-uid": "15da3a43-f6f1-4cc9-b932-222c499a2720",
                    "job-name": "freqmine"
                },
                "name": "freqmine-ft68p",
                "namespace": "default",
                "ownerReferences": [
                    {
                        "apiVersion": "batch/v1",
                        "blockOwnerDeletion": true,
                        "controller": true,
                        "kind": "Job",
                        "name": "freqmine",
                        "uid": "15da3a43-f6f1-4cc9-b932-222c499a2720"
                    }
                ],
                "resourceVersion": "49789",
                "uid": "ad98cbf8-04db-409b-901a-3f13872df39d"
            },
            "spec": {
                "containers": [
                    {
                        "args": [
                            "-c",
                            "taskset -c 0,1,2,3 ./run -a run -S parsec -p freqmine -i native -n 4"
                        ],
                        "command": [
                            "/bin/sh"
                        ],
                        "image": "anakli/cca:parsec_freqmine",
                        "imagePullPolicy": "Always",
                        "name": "freqmine",
                        "resources": {
                            "requests": {
                                "cpu": "100m"
                            }
                        },
                        "terminationMessagePath": "/dev/termination-log",
                        "terminationMessagePolicy": "File",
                        "volumeMounts": [
                            {
                                "mountPath": "/var/run/secrets/kubernetes.io/serviceaccount",
                                "name": "kube-api-access-52hcb",
                                "readOnly": true
                            }
                        ]
                    }
                ],
                "dnsPolicy": "ClusterFirst",
                "enableServiceLinks": true,
                "nodeName": "node-c-4core-pgkr",
                "nodeSelector": {
                    "cca-project-nodetype": "node-c-4core"
                },
                "preemptionPolicy": "PreemptLowerPriority",
                "priority": 0,
                "restartPolicy": "Never",
                "schedulerName": "default-scheduler",
                "securityContext": {},
                "serviceAccount": "default",
                "serviceAccountName": "default",
                "terminationGracePeriodSeconds": 30,
                "tolerations": [
                    {
                        "effect": "NoExecute",
                        "key": "node.kubernetes.io/not-ready",
                        "operator": "Exists",
                        "tolerationSeconds": 300
                    },
                    {
                        "effect": "NoExecute",
                        "key": "node.kubernetes.io/unreachable",
                        "operator": "Exists",
                        "tolerationSeconds": 300
                    }
                ],
                "volumes": [
                    {
                        "name": "kube-api-access-52hcb",
                        "projected": {
                            "defaultMode": 420,
                            "sources": [
                                {
                                    "serviceAccountToken": {
                                        "expirationSeconds": 3607,
                                        "path": "token"
                                    }
                                },
                                {
                                    "configMap": {
                                        "items": [
                                            {
                                                "key": "ca.crt",
                                                "path": "ca.crt"
                                            }
                                        ],
                                        "name": "kube-root-ca.crt"
                                    }
                                },
                                {
                                    "downwardAPI": {
                                        "items": [
                                            {
                                                "fieldRef": {
                                                    "apiVersion": "v1",
                                                    "fieldPath": "metadata.namespace"
                                                },
                                                "path": "namespace"
                                            }
                                        ]
                                    }
                                }
                            ]
                        }
                    }
                ]
            },
            "status": {
                "conditions": [
                    {
                        "lastProbeTime": null,
                        "lastTransitionTime": "2025-05-14T19:49:52Z",
                        "status": "False",
                        "type": "PodReadyToStartContainers"
                    },
                    {
                        "lastProbeTime": null,
                        "lastTransitionTime": "2025-05-14T19:47:08Z",
                        "reason": "PodCompleted",
                        "status": "True",
                        "type": "Initialized"
                    },
                    {
                        "lastProbeTime": null,
                        "lastTransitionTime": "2025-05-14T19:49:51Z",
                        "reason": "PodCompleted",
                        "status": "False",
                        "type": "Ready"
                    },
                    {
                        "lastProbeTime": null,
                        "lastTransitionTime": "2025-05-14T19:49:51Z",
                        "reason": "PodCompleted",
                        "status": "False",
                        "type": "ContainersReady"
                    },
                    {
                        "lastProbeTime": null,
                        "lastTransitionTime": "2025-05-14T19:47:08Z",
                        "status": "True",
                        "type": "PodScheduled"
                    }
                ],
                "containerStatuses": [
                    {
                        "containerID": "containerd://560d70865aead6513598391c70f30730e7dfc1b9a33f5254f1f94b33f85205f6",
                        "image": "docker.io/anakli/cca:parsec_freqmine",
                        "imageID": "docker.io/anakli/cca@sha256:c2a2f85fe345a655e84a629f04a1ca30482b9c0dd658bed193ed1d70a6395e5a",
                        "lastState": {},
                        "name": "freqmine",
                        "ready": false,
                        "restartCount": 0,
                        "started": false,
                        "state": {
                            "terminated": {
                                "containerID": "containerd://560d70865aead6513598391c70f30730e7dfc1b9a33f5254f1f94b33f85205f6",
                                "exitCode": 0,
                                "finishedAt": "2025-05-14T19:49:51Z",
                                "reason": "Completed",
                                "startedAt": "2025-05-14T19:47:09Z"
                            }
                        },
                        "volumeMounts": [
                            {
                                "mountPath": "/var/run/secrets/kubernetes.io/serviceaccount",
                                "name": "kube-api-access-52hcb",
                                "readOnly": true,
                                "recursiveReadOnly": "Disabled"
                            }
                        ]
                    }
                ],
                "hostIP": "10.0.16.6",
                "hostIPs": [
                    {
                        "ip": "10.0.16.6"
                    }
                ],
                "phase": "Succeeded",
                "podIP": "100.96.1.42",
                "podIPs": [
                    {
                        "ip": "100.96.1.42"
                    }
                ],
                "qosClass": "Burstable",
                "startTime": "2025-05-14T19:47:08Z"
            }
        },
        {
            "apiVersion": "v1",
            "kind": "Pod",
            "metadata": {
                "annotations": {
                    "kubernetes.io/limit-ranger": "LimitRanger plugin set: cpu request for container radix"
                },
                "creationTimestamp": "2025-05-14T19:47:08Z",
                "generateName": "radix-",
                "labels": {
                    "batch.kubernetes.io/controller-uid": "2b9924fa-7ed4-4108-ab81-e2181d6ec854",
                    "batch.kubernetes.io/job-name": "radix",
                    "controller-uid": "2b9924fa-7ed4-4108-ab81-e2181d6ec854",
                    "job-name": "radix"
                },
                "name": "radix-w8dkq",
                "namespace": "default",
                "ownerReferences": [
                    {
                        "apiVersion": "batch/v1",
                        "blockOwnerDeletion": true,
                        "controller": true,
                        "kind": "Job",
                        "name": "radix",
                        "uid": "2b9924fa-7ed4-4108-ab81-e2181d6ec854"
                    }
                ],
                "resourceVersion": "49483",
                "uid": "a2387ef8-c869-49f3-b3ed-872157440dcc"
            },
            "spec": {
                "containers": [
                    {
                        "args": [
                            "-c",
                            "taskset -c 0 ./run -a run -S splash2x -p radix -i native -n 1"
                        ],
                        "command": [
                            "/bin/sh"
                        ],
                        "image": "anakli/cca:splash2x_radix",
                        "imagePullPolicy": "Always",
                        "name": "radix",
                        "resources": {
                            "requests": {
                                "cpu": "100m"
                            }
                        },
                        "terminationMessagePath": "/dev/termination-log",
                        "terminationMessagePolicy": "File",
                        "volumeMounts": [
                            {
                                "mountPath": "/var/run/secrets/kubernetes.io/serviceaccount",
                                "name": "kube-api-access-xs57d",
                                "readOnly": true
                            }
                        ]
                    }
                ],
                "dnsPolicy": "ClusterFirst",
                "enableServiceLinks": true,
                "nodeName": "node-a-2core-h460",
                "nodeSelector": {
                    "cca-project-nodetype": "node-a-2core"
                },
                "preemptionPolicy": "PreemptLowerPriority",
                "priority": 0,
                "restartPolicy": "Never",
                "schedulerName": "default-scheduler",
                "securityContext": {},
                "serviceAccount": "default",
                "serviceAccountName": "default",
                "terminationGracePeriodSeconds": 30,
                "tolerations": [
                    {
                        "effect": "NoExecute",
                        "key": "node.kubernetes.io/not-ready",
                        "operator": "Exists",
                        "tolerationSeconds": 300
                    },
                    {
                        "effect": "NoExecute",
                        "key": "node.kubernetes.io/unreachable",
                        "operator": "Exists",
                        "tolerationSeconds": 300
                    }
                ],
                "volumes": [
                    {
                        "name": "kube-api-access-xs57d",
                        "projected": {
                            "defaultMode": 420,
                            "sources": [
                                {
                                    "serviceAccountToken": {
                                        "expirationSeconds": 3607,
                                        "path": "token"
                                    }
                                },
                                {
                                    "configMap": {
                                        "items": [
                                            {
                                                "key": "ca.crt",
                                                "path": "ca.crt"
                                            }
                                        ],
                                        "name": "kube-root-ca.crt"
                                    }
                                },
                                {
                                    "downwardAPI": {
                                        "items": [
                                            {
                                                "fieldRef": {
                                                    "apiVersion": "v1",
                                                    "fieldPath": "metadata.namespace"
                                                },
                                                "path": "namespace"
                                            }
                                        ]
                                    }
                                }
                            ]
                        }
                    }
                ]
            },
            "status": {
                "conditions": [
                    {
                        "lastProbeTime": null,
                        "lastTransitionTime": "2025-05-14T19:48:39Z",
                        "status": "False",
                        "type": "PodReadyToStartContainers"
                    },
                    {
                        "lastProbeTime": null,
                        "lastTransitionTime": "2025-05-14T19:47:08Z",
                        "reason": "PodCompleted",
                        "status": "True",
                        "type": "Initialized"
                    },
                    {
                        "lastProbeTime": null,
                        "lastTransitionTime": "2025-05-14T19:48:38Z",
                        "reason": "PodCompleted",
                        "status": "False",
                        "type": "Ready"
                    },
                    {
                        "lastProbeTime": null,
                        "lastTransitionTime": "2025-05-14T19:48:38Z",
                        "reason": "PodCompleted",
                        "status": "False",
                        "type": "ContainersReady"
                    },
                    {
                        "lastProbeTime": null,
                        "lastTransitionTime": "2025-05-14T19:47:08Z",
                        "status": "True",
                        "type": "PodScheduled"
                    }
                ],
                "containerStatuses": [
                    {
                        "containerID": "containerd://71bae67ac47b34330d66f9a42b8aaf3f6ed4db8c9351882e1315b20787b2db12",
                        "image": "docker.io/anakli/cca:splash2x_radix",
                        "imageID": "docker.io/anakli/cca@sha256:dbf0e10e749cf6544504ec0c90a206b8fcdc7fced6c23df536f5857f3f0ed319",
                        "lastState": {},
                        "name": "radix",
                        "ready": false,
                        "restartCount": 0,
                        "started": false,
                        "state": {
                            "terminated": {
                                "containerID": "containerd://71bae67ac47b34330d66f9a42b8aaf3f6ed4db8c9351882e1315b20787b2db12",
                                "exitCode": 0,
                                "finishedAt": "2025-05-14T19:48:38Z",
                                "reason": "Completed",
                                "startedAt": "2025-05-14T19:47:09Z"
                            }
                        },
                        "volumeMounts": [
                            {
                                "mountPath": "/var/run/secrets/kubernetes.io/serviceaccount",
                                "name": "kube-api-access-xs57d",
                                "readOnly": true,
                                "recursiveReadOnly": "Disabled"
                            }
                        ]
                    }
                ],
                "hostIP": "10.0.16.3",
                "hostIPs": [
                    {
                        "ip": "10.0.16.3"
                    }
                ],
                "phase": "Succeeded",
                "podIP": "100.96.9.44",
                "podIPs": [
                    {
                        "ip": "100.96.9.44"
                    }
                ],
                "qosClass": "Burstable",
                "startTime": "2025-05-14T19:47:08Z"
            }
        },
        {
            "apiVersion": "v1",
            "kind": "Pod",
            "metadata": {
                "annotations": {
                    "kubernetes.io/limit-ranger": "LimitRanger plugin set: cpu request for container memcached"
                },
                "creationTimestamp": "2025-05-14T19:46:30Z",
                "labels": {
                    "name": "some-memcached"
                },
                "name": "some-memcached",
                "namespace": "default",
                "resourceVersion": "48937",
                "uid": "0f0c3d27-8a0c-432f-9e43-1acf61716dc9"
            },
            "spec": {
                "containers": [
                    {
                        "args": [
                            "-c",
                            "taskset -c 1 ./memcached -t 1 -u memcache"
                        ],
                        "command": [
                            "/bin/sh"
                        ],
                        "image": "anakli/memcached:t1",
                        "imagePullPolicy": "Always",
                        "name": "memcached",
                        "resources": {
                            "requests": {
                                "cpu": "100m"
                            }
                        },
                        "terminationMessagePath": "/dev/termination-log",
                        "terminationMessagePolicy": "File",
                        "volumeMounts": [
                            {
                                "mountPath": "/var/run/secrets/kubernetes.io/serviceaccount",
                                "name": "kube-api-access-7qzh2",
                                "readOnly": true
                            }
                        ]
                    }
                ],
                "dnsPolicy": "ClusterFirst",
                "enableServiceLinks": true,
                "nodeName": "node-a-2core-h460",
                "nodeSelector": {
                    "cca-project-nodetype": "node-a-2core"
                },
                "preemptionPolicy": "PreemptLowerPriority",
                "priority": 0,
                "restartPolicy": "Always",
                "schedulerName": "default-scheduler",
                "securityContext": {},
                "serviceAccount": "default",
                "serviceAccountName": "default",
                "terminationGracePeriodSeconds": 30,
                "tolerations": [
                    {
                        "effect": "NoExecute",
                        "key": "node.kubernetes.io/not-ready",
                        "operator": "Exists",
                        "tolerationSeconds": 300
                    },
                    {
                        "effect": "NoExecute",
                        "key": "node.kubernetes.io/unreachable",
                        "operator": "Exists",
                        "tolerationSeconds": 300
                    }
                ],
                "volumes": [
                    {
                        "name": "kube-api-access-7qzh2",
                        "projected": {
                            "defaultMode": 420,
                            "sources": [
                                {
                                    "serviceAccountToken": {
                                        "expirationSeconds": 3607,
                                        "path": "token"
                                    }
                                },
                                {
                                    "configMap": {
                                        "items": [
                                            {
                                                "key": "ca.crt",
                                                "path": "ca.crt"
                                            }
                                        ],
                                        "name": "kube-root-ca.crt"
                                    }
                                },
                                {
                                    "downwardAPI": {
                                        "items": [
                                            {
                                                "fieldRef": {
                                                    "apiVersion": "v1",
                                                    "fieldPath": "metadata.namespace"
                                                },
                                                "path": "namespace"
                                            }
                                        ]
                                    }
                                }
                            ]
                        }
                    }
                ]
            },
            "status": {
                "conditions": [
                    {
                        "lastProbeTime": null,
                        "lastTransitionTime": "2025-05-14T19:46:33Z",
                        "status": "True",
                        "type": "PodReadyToStartContainers"
                    },
                    {
                        "lastProbeTime": null,
                        "lastTransitionTime": "2025-05-14T19:46:30Z",
                        "status": "True",
                        "type": "Initialized"
                    },
                    {
                        "lastProbeTime": null,
                        "lastTransitionTime": "2025-05-14T19:46:33Z",
                        "status": "True",
                        "type": "Ready"
                    },
                    {
                        "lastProbeTime": null,
                        "lastTransitionTime": "2025-05-14T19:46:33Z",
                        "status": "True",
                        "type": "ContainersReady"
                    },
                    {
                        "lastProbeTime": null,
                        "lastTransitionTime": "2025-05-14T19:46:30Z",
                        "status": "True",
                        "type": "PodScheduled"
                    }
                ],
                "containerStatuses": [
                    {
                        "containerID": "containerd://a45cd4aa5ddf30aabc068f6b1eb7bfeb1a5976e32c51d49454d3dda53be5edce",
                        "image": "docker.io/anakli/memcached:t1",
                        "imageID": "sha256:5366d8d9fe88b4f31f0f2a8e5b3a14db60afab3c6c5ee3d58be293c1fb232804",
                        "lastState": {},
                        "name": "memcached",
                        "ready": true,
                        "restartCount": 0,
                        "started": true,
                        "state": {
                            "running": {
                                "startedAt": "2025-05-14T19:46:32Z"
                            }
                        },
                        "volumeMounts": [
                            {
                                "mountPath": "/var/run/secrets/kubernetes.io/serviceaccount",
                                "name": "kube-api-access-7qzh2",
                                "readOnly": true,
                                "recursiveReadOnly": "Disabled"
                            }
                        ]
                    }
                ],
                "hostIP": "10.0.16.3",
                "hostIPs": [
                    {
                        "ip": "10.0.16.3"
                    }
                ],
                "phase": "Running",
                "podIP": "100.96.9.43",
                "podIPs": [
                    {
                        "ip": "100.96.9.43"
                    }
                ],
                "qosClass": "Burstable",
                "startTime": "2025-05-14T19:46:30Z"
            }
        },
        {
            "apiVersion": "v1",
            "kind": "Pod",
            "metadata": {
                "annotations": {
                    "kubernetes.io/limit-ranger": "LimitRanger plugin set: cpu request for container vips"
                },
                "creationTimestamp": "2025-05-14T19:47:07Z",
                "generateName": "vips-",
                "labels": {
                    "batch.kubernetes.io/controller-uid": "9f399940-2926-4522-b8f9-76b46b457a4a",
                    "batch.kubernetes.io/job-name": "vips",
                    "controller-uid": "9f399940-2926-4522-b8f9-76b46b457a4a",
                    "job-name": "vips"
                },
                "name": "vips-cwff2",
                "namespace": "default",
                "ownerReferences": [
                    {
                        "apiVersion": "batch/v1",
                        "blockOwnerDeletion": true,
                        "controller": true,
                        "kind": "Job",
                        "name": "vips",
                        "uid": "9f399940-2926-4522-b8f9-76b46b457a4a"
                    }
                ],
                "resourceVersion": "49637",
                "uid": "17184897-5943-46b3-8546-1b40f6f0d117"
            },
            "spec": {
                "containers": [
                    {
                        "args": [
                            "-c",
                            "taskset -c 0 ./run -a run -S parsec -p vips -i native -n 1"
                        ],
                        "command": [
                            "/bin/sh"
                        ],
                        "image": "anakli/cca:parsec_vips",
                        "imagePullPolicy": "Always",
                        "name": "vips",
                        "resources": {
                            "requests": {
                                "cpu": "100m"
                            }
                        },
                        "terminationMessagePath": "/dev/termination-log",
                        "terminationMessagePolicy": "File",
                        "volumeMounts": [
                            {
                                "mountPath": "/var/run/secrets/kubernetes.io/serviceaccount",
                                "name": "kube-api-access-98q6g",
                                "readOnly": true
                            }
                        ]
                    }
                ],
                "dnsPolicy": "ClusterFirst",
                "enableServiceLinks": true,
                "nodeName": "node-c-4core-pgkr",
                "nodeSelector": {
                    "cca-project-nodetype": "node-c-4core"
                },
                "preemptionPolicy": "PreemptLowerPriority",
                "priority": 0,
                "restartPolicy": "Never",
                "schedulerName": "default-scheduler",
                "securityContext": {},
                "serviceAccount": "default",
                "serviceAccountName": "default",
                "terminationGracePeriodSeconds": 30,
                "tolerations": [
                    {
                        "effect": "NoExecute",
                        "key": "node.kubernetes.io/not-ready",
                        "operator": "Exists",
                        "tolerationSeconds": 300
                    },
                    {
                        "effect": "NoExecute",
                        "key": "node.kubernetes.io/unreachable",
                        "operator": "Exists",
                        "tolerationSeconds": 300
                    }
                ],
                "volumes": [
                    {
                        "name": "kube-api-access-98q6g",
                        "projected": {
                            "defaultMode": 420,
                            "sources": [
                                {
                                    "serviceAccountToken": {
                                        "expirationSeconds": 3607,
                                        "path": "token"
                                    }
                                },
                                {
                                    "configMap": {
                                        "items": [
                                            {
                                                "key": "ca.crt",
                                                "path": "ca.crt"
                                            }
                                        ],
                                        "name": "kube-root-ca.crt"
                                    }
                                },
                                {
                                    "downwardAPI": {
                                        "items": [
                                            {
                                                "fieldRef": {
                                                    "apiVersion": "v1",
                                                    "fieldPath": "metadata.namespace"
                                                },
                                                "path": "namespace"
                                            }
                                        ]
                                    }
                                }
                            ]
                        }
                    }
                ]
            },
            "status": {
                "conditions": [
                    {
                        "lastProbeTime": null,
                        "lastTransitionTime": "2025-05-14T19:49:16Z",
                        "status": "False",
                        "type": "PodReadyToStartContainers"
                    },
                    {
                        "lastProbeTime": null,
                        "lastTransitionTime": "2025-05-14T19:47:07Z",
                        "reason": "PodCompleted",
                        "status": "True",
                        "type": "Initialized"
                    },
                    {
                        "lastProbeTime": null,
                        "lastTransitionTime": "2025-05-14T19:49:15Z",
                        "reason": "PodCompleted",
                        "status": "False",
                        "type": "Ready"
                    },
                    {
                        "lastProbeTime": null,
                        "lastTransitionTime": "2025-05-14T19:49:15Z",
                        "reason": "PodCompleted",
                        "status": "False",
                        "type": "ContainersReady"
                    },
                    {
                        "lastProbeTime": null,
                        "lastTransitionTime": "2025-05-14T19:47:07Z",
                        "status": "True",
                        "type": "PodScheduled"
                    }
                ],
                "containerStatuses": [
                    {
                        "containerID": "containerd://07c25647c2286ba99ecedb7dcdca0eba40495546173cadabcb16bfa47e121750",
                        "image": "docker.io/anakli/cca:parsec_vips",
                        "imageID": "docker.io/anakli/cca@sha256:5c719838bc3d4d72143f27ca60bb5fe6f5f5b60be53b3972e73350596aa03547",
                        "lastState": {},
                        "name": "vips",
                        "ready": false,
                        "restartCount": 0,
                        "started": false,
                        "state": {
                            "terminated": {
                                "containerID": "containerd://07c25647c2286ba99ecedb7dcdca0eba40495546173cadabcb16bfa47e121750",
                                "exitCode": 0,
                                "finishedAt": "2025-05-14T19:49:14Z",
                                "reason": "Completed",
                                "startedAt": "2025-05-14T19:47:08Z"
                            }
                        },
                        "volumeMounts": [
                            {
                                "mountPath": "/var/run/secrets/kubernetes.io/serviceaccount",
                                "name": "kube-api-access-98q6g",
                                "readOnly": true,
                                "recursiveReadOnly": "Disabled"
                            }
                        ]
                    }
                ],
                "hostIP": "10.0.16.6",
                "hostIPs": [
                    {
                        "ip": "10.0.16.6"
                    }
                ],
                "phase": "Succeeded",
                "podIP": "100.96.1.41",
                "podIPs": [
                    {
                        "ip": "100.96.1.41"
                    }
                ],
                "qosClass": "Burstable",
                "startTime": "2025-05-14T19:47:07Z"
            }
        }
    ],
    "kind": "List",
    "metadata": {
        "resourceVersion": ""
    }
}
