{
    "apiVersion": "v1",
    "items": [
        {
            "apiVersion": "v1",
            "kind": "Pod",
            "metadata": {
                "annotations": {
                    "kubernetes.io/limit-ranger": "LimitRanger plugin set: cpu request for container blackscholes"
                },
                "creationTimestamp": "2025-05-14T19:35:24Z",
                "generateName": "blackscholes-",
                "labels": {
                    "batch.kubernetes.io/controller-uid": "1d20d323-8092-4131-ad13-4923e6501a73",
                    "batch.kubernetes.io/job-name": "blackscholes",
                    "controller-uid": "1d20d323-8092-4131-ad13-4923e6501a73",
                    "job-name": "blackscholes"
                },
                "name": "blackscholes-4zvlp",
                "namespace": "default",
                "ownerReferences": [
                    {
                        "apiVersion": "batch/v1",
                        "blockOwnerDeletion": true,
                        "controller": true,
                        "kind": "Job",
                        "name": "blackscholes",
                        "uid": "1d20d323-8092-4131-ad13-4923e6501a73"
                    }
                ],
                "resourceVersion": "46454",
                "uid": "190a4425-77de-48e6-9167-d04a6ef62af7"
            },
            "spec": {
                "containers": [
                    {
                        "args": [
                            "-c",
                            "taskset -c 0,1 ./run -a run -S parsec -p blackscholes -i native -n 2"
                        ],
                        "command": [
                            "/bin/sh"
                        ],
                        "image": "anakli/cca:parsec_blackscholes",
                        "imagePullPolicy": "Always",
                        "name": "blackscholes",
                        "resources": {
                            "requests": {
                                "cpu": "100m"
                            }
                        },
                        "terminationMessagePath": "/dev/termination-log",
                        "terminationMessagePolicy": "File",
                        "volumeMounts": [
                            {
                                "mountPath": "/var/run/secrets/kubernetes.io/serviceaccount",
                                "name": "kube-api-access-c7fk8",
                                "readOnly": true
                            }
                        ]
                    }
                ],
                "dnsPolicy": "ClusterFirst",
                "enableServiceLinks": true,
                "nodeName": "node-d-4core-z2nn",
                "nodeSelector": {
                    "cca-project-nodetype": "node-d-4core"
                },
                "preemptionPolicy": "PreemptLowerPriority",
                "priority": 0,
                "restartPolicy": "Never",
                "schedulerName": "default-scheduler",
                "securityContext": {},
                "serviceAccount": "default",
                "serviceAccountName": "default",
                "terminationGracePeriodSeconds": 30,
                "tolerations": [
                    {
                        "effect": "NoExecute",
                        "key": "node.kubernetes.io/not-ready",
                        "operator": "Exists",
                        "tolerationSeconds": 300
                    },
                    {
                        "effect": "NoExecute",
                        "key": "node.kubernetes.io/unreachable",
                        "operator": "Exists",
                        "tolerationSeconds": 300
                    }
                ],
                "volumes": [
                    {
                        "name": "kube-api-access-c7fk8",
                        "projected": {
                            "defaultMode": 420,
                            "sources": [
                                {
                                    "serviceAccountToken": {
                                        "expirationSeconds": 3607,
                                        "path": "token"
                                    }
                                },
                                {
                                    "configMap": {
                                        "items": [
                                            {
                                                "key": "ca.crt",
                                                "path": "ca.crt"
                                            }
                                        ],
                                        "name": "kube-root-ca.crt"
                                    }
                                },
                                {
                                    "downwardAPI": {
                                        "items": [
                                            {
                                                "fieldRef": {
                                                    "apiVersion": "v1",
                                                    "fieldPath": "metadata.namespace"
                                                },
                                                "path": "namespace"
                                            }
                                        ]
                                    }
                                }
                            ]
                        }
                    }
                ]
            },
            "status": {
                "conditions": [
                    {
                        "lastProbeTime": null,
                        "lastTransitionTime": "2025-05-14T19:36:38Z",
                        "status": "False",
                        "type": "PodReadyToStartContainers"
                    },
                    {
                        "lastProbeTime": null,
                        "lastTransitionTime": "2025-05-14T19:35:24Z",
                        "reason": "PodCompleted",
                        "status": "True",
                        "type": "Initialized"
                    },
                    {
                        "lastProbeTime": null,
                        "lastTransitionTime": "2025-05-14T19:36:37Z",
                        "reason": "PodCompleted",
                        "status": "False",
                        "type": "Ready"
                    },
                    {
                        "lastProbeTime": null,
                        "lastTransitionTime": "2025-05-14T19:36:37Z",
                        "reason": "PodCompleted",
                        "status": "False",
                        "type": "ContainersReady"
                    },
                    {
                        "lastProbeTime": null,
                        "lastTransitionTime": "2025-05-14T19:35:24Z",
                        "status": "True",
                        "type": "PodScheduled"
                    }
                ],
                "containerStatuses": [
                    {
                        "containerID": "containerd://62625030575a0884c7284647d4dae59065fbb3c6331f343e71fa31c1d01b5bc3",
                        "image": "docker.io/anakli/cca:parsec_blackscholes",
                        "imageID": "docker.io/anakli/cca@sha256:7a46dab25dbb692c7c9eaa7a6bf5edeb220e3209b2460a18d05be40533849dc3",
                        "lastState": {},
                        "name": "blackscholes",
                        "ready": false,
                        "restartCount": 0,
                        "started": false,
                        "state": {
                            "terminated": {
                                "containerID": "containerd://62625030575a0884c7284647d4dae59065fbb3c6331f343e71fa31c1d01b5bc3",
                                "exitCode": 0,
                                "finishedAt": "2025-05-14T19:36:34Z",
                                "reason": "Completed",
                                "startedAt": "2025-05-14T19:35:26Z"
                            }
                        },
                        "volumeMounts": [
                            {
                                "mountPath": "/var/run/secrets/kubernetes.io/serviceaccount",
                                "name": "kube-api-access-c7fk8",
                                "readOnly": true,
                                "recursiveReadOnly": "Disabled"
                            }
                        ]
                    }
                ],
                "hostIP": "10.0.16.7",
                "hostIPs": [
                    {
                        "ip": "10.0.16.7"
                    }
                ],
                "phase": "Succeeded",
                "podIP": "100.96.4.46",
                "podIPs": [
                    {
                        "ip": "100.96.4.46"
                    }
                ],
                "qosClass": "Burstable",
                "startTime": "2025-05-14T19:35:24Z"
            }
        },
        {
            "apiVersion": "v1",
            "kind": "Pod",
            "metadata": {
                "annotations": {
                    "kubernetes.io/limit-ranger": "LimitRanger plugin set: cpu request for container canneal"
                },
                "creationTimestamp": "2025-05-14T19:35:25Z",
                "generateName": "canneal-",
                "labels": {
                    "batch.kubernetes.io/controller-uid": "a1345049-c901-4a89-904b-8516cc7fa052",
                    "batch.kubernetes.io/job-name": "canneal",
                    "controller-uid": "a1345049-c901-4a89-904b-8516cc7fa052",
                    "job-name": "canneal"
                },
                "name": "canneal-lbxfl",
                "namespace": "default",
                "ownerReferences": [
                    {
                        "apiVersion": "batch/v1",
                        "blockOwnerDeletion": true,
                        "controller": true,
                        "kind": "Job",
                        "name": "canneal",
                        "uid": "a1345049-c901-4a89-904b-8516cc7fa052"
                    }
                ],
                "resourceVersion": "46753",
                "uid": "e8e750a6-3881-4ff5-865b-8c84ef054aa5"
            },
            "spec": {
                "containers": [
                    {
                        "args": [
                            "-c",
                            "taskset -c 0,1 ./run -a run -S parsec -p canneal -i native -n 2"
                        ],
                        "command": [
                            "/bin/sh"
                        ],
                        "image": "anakli/cca:parsec_canneal",
                        "imagePullPolicy": "Always",
                        "name": "canneal",
                        "resources": {
                            "requests": {
                                "cpu": "100m"
                            }
                        },
                        "terminationMessagePath": "/dev/termination-log",
                        "terminationMessagePolicy": "File",
                        "volumeMounts": [
                            {
                                "mountPath": "/var/run/secrets/kubernetes.io/serviceaccount",
                                "name": "kube-api-access-cc5zk",
                                "readOnly": true
                            }
                        ]
                    }
                ],
                "dnsPolicy": "ClusterFirst",
                "enableServiceLinks": true,
                "nodeName": "node-b-2core-8jg9",
                "nodeSelector": {
                    "cca-project-nodetype": "node-b-2core"
                },
                "preemptionPolicy": "PreemptLowerPriority",
                "priority": 0,
                "restartPolicy": "Never",
                "schedulerName": "default-scheduler",
                "securityContext": {},
                "serviceAccount": "default",
                "serviceAccountName": "default",
                "terminationGracePeriodSeconds": 30,
                "tolerations": [
                    {
                        "effect": "NoExecute",
                        "key": "node.kubernetes.io/not-ready",
                        "operator": "Exists",
                        "tolerationSeconds": 300
                    },
                    {
                        "effect": "NoExecute",
                        "key": "node.kubernetes.io/unreachable",
                        "operator": "Exists",
                        "tolerationSeconds": 300
                    }
                ],
                "volumes": [
                    {
                        "name": "kube-api-access-cc5zk",
                        "projected": {
                            "defaultMode": 420,
                            "sources": [
                                {
                                    "serviceAccountToken": {
                                        "expirationSeconds": 3607,
                                        "path": "token"
                                    }
                                },
                                {
                                    "configMap": {
                                        "items": [
                                            {
                                                "key": "ca.crt",
                                                "path": "ca.crt"
                                            }
                                        ],
                                        "name": "kube-root-ca.crt"
                                    }
                                },
                                {
                                    "downwardAPI": {
                                        "items": [
                                            {
                                                "fieldRef": {
                                                    "apiVersion": "v1",
                                                    "fieldPath": "metadata.namespace"
                                                },
                                                "path": "namespace"
                                            }
                                        ]
                                    }
                                }
                            ]
                        }
                    }
                ]
            },
            "status": {
                "conditions": [
                    {
                        "lastProbeTime": null,
                        "lastTransitionTime": "2025-05-14T19:37:49Z",
                        "status": "False",
                        "type": "PodReadyToStartContainers"
                    },
                    {
                        "lastProbeTime": null,
                        "lastTransitionTime": "2025-05-14T19:35:25Z",
                        "reason": "PodCompleted",
                        "status": "True",
                        "type": "Initialized"
                    },
                    {
                        "lastProbeTime": null,
                        "lastTransitionTime": "2025-05-14T19:37:48Z",
                        "reason": "PodCompleted",
                        "status": "False",
                        "type": "Ready"
                    },
                    {
                        "lastProbeTime": null,
                        "lastTransitionTime": "2025-05-14T19:37:48Z",
                        "reason": "PodCompleted",
                        "status": "False",
                        "type": "ContainersReady"
                    },
                    {
                        "lastProbeTime": null,
                        "lastTransitionTime": "2025-05-14T19:35:25Z",
                        "status": "True",
                        "type": "PodScheduled"
                    }
                ],
                "containerStatuses": [
                    {
                        "containerID": "containerd://7f455d26a66ab14a886f1f0b6237c567ebfdd450b3ac075e4e9dad28d3e6f31c",
                        "image": "docker.io/anakli/cca:parsec_canneal",
                        "imageID": "docker.io/anakli/cca@sha256:cb8c3ea7a7071c7802b84179c36f52673ee099bbc2efd90149611285fec24367",
                        "lastState": {},
                        "name": "canneal",
                        "ready": false,
                        "restartCount": 0,
                        "started": false,
                        "state": {
                            "terminated": {
                                "containerID": "containerd://7f455d26a66ab14a886f1f0b6237c567ebfdd450b3ac075e4e9dad28d3e6f31c",
                                "exitCode": 0,
                                "finishedAt": "2025-05-14T19:37:47Z",
                                "reason": "Completed",
                                "startedAt": "2025-05-14T19:35:27Z"
                            }
                        },
                        "volumeMounts": [
                            {
                                "mountPath": "/var/run/secrets/kubernetes.io/serviceaccount",
                                "name": "kube-api-access-cc5zk",
                                "readOnly": true,
                                "recursiveReadOnly": "Disabled"
                            }
                        ]
                    }
                ],
                "hostIP": "10.0.16.8",
                "hostIPs": [
                    {
                        "ip": "10.0.16.8"
                    }
                ],
                "phase": "Succeeded",
                "podIP": "100.96.3.26",
                "podIPs": [
                    {
                        "ip": "100.96.3.26"
                    }
                ],
                "qosClass": "Burstable",
                "startTime": "2025-05-14T19:35:25Z"
            }
        },
        {
            "apiVersion": "v1",
            "kind": "Pod",
            "metadata": {
                "annotations": {
                    "kubernetes.io/limit-ranger": "LimitRanger plugin set: cpu request for container dedup"
                },
                "creationTimestamp": "2025-05-14T19:36:39Z",
                "generateName": "dedup-",
                "labels": {
                    "batch.kubernetes.io/controller-uid": "e10e762a-1d7a-4dce-8c1a-4924c4c5887a",
                    "batch.kubernetes.io/job-name": "dedup",
                    "controller-uid": "e10e762a-1d7a-4dce-8c1a-4924c4c5887a",
                    "job-name": "dedup"
                },
                "name": "dedup-bz29n",
                "namespace": "default",
                "ownerReferences": [
                    {
                        "apiVersion": "batch/v1",
                        "blockOwnerDeletion": true,
                        "controller": true,
                        "kind": "Job",
                        "name": "dedup",
                        "uid": "e10e762a-1d7a-4dce-8c1a-4924c4c5887a"
                    }
                ],
                "resourceVersion": "46574",
                "uid": "6bcf0cb3-b7fb-48ae-b91e-aaf090ce1f10"
            },
            "spec": {
                "containers": [
                    {
                        "args": [
                            "-c",
                            "taskset -c 0,1 ./run -a run -S parsec -p dedup -i native -n 2"
                        ],
                        "command": [
                            "/bin/sh"
                        ],
                        "image": "anakli/cca:parsec_dedup",
                        "imagePullPolicy": "Always",
                        "name": "dedup",
                        "resources": {
                            "requests": {
                                "cpu": "100m"
                            }
                        },
                        "terminationMessagePath": "/dev/termination-log",
                        "terminationMessagePolicy": "File",
                        "volumeMounts": [
                            {
                                "mountPath": "/var/run/secrets/kubernetes.io/serviceaccount",
                                "name": "kube-api-access-znlvz",
                                "readOnly": true
                            }
                        ]
                    }
                ],
                "dnsPolicy": "ClusterFirst",
                "enableServiceLinks": true,
                "nodeName": "node-d-4core-z2nn",
                "nodeSelector": {
                    "cca-project-nodetype": "node-d-4core"
                },
                "preemptionPolicy": "PreemptLowerPriority",
                "priority": 0,
                "restartPolicy": "Never",
                "schedulerName": "default-scheduler",
                "securityContext": {},
                "serviceAccount": "default",
                "serviceAccountName": "default",
                "terminationGracePeriodSeconds": 30,
                "tolerations": [
                    {
                        "effect": "NoExecute",
                        "key": "node.kubernetes.io/not-ready",
                        "operator": "Exists",
                        "tolerationSeconds": 300
                    },
                    {
                        "effect": "NoExecute",
                        "key": "node.kubernetes.io/unreachable",
                        "operator": "Exists",
                        "tolerationSeconds": 300
                    }
                ],
                "volumes": [
                    {
                        "name": "kube-api-access-znlvz",
                        "projected": {
                            "defaultMode": 420,
                            "sources": [
                                {
                                    "serviceAccountToken": {
                                        "expirationSeconds": 3607,
                                        "path": "token"
                                    }
                                },
                                {
                                    "configMap": {
                                        "items": [
                                            {
                                                "key": "ca.crt",
                                                "path": "ca.crt"
                                            }
                                        ],
                                        "name": "kube-root-ca.crt"
                                    }
                                },
                                {
                                    "downwardAPI": {
                                        "items": [
                                            {
                                                "fieldRef": {
                                                    "apiVersion": "v1",
                                                    "fieldPath": "metadata.namespace"
                                                },
                                                "path": "namespace"
                                            }
                                        ]
                                    }
                                }
                            ]
                        }
                    }
                ]
            },
            "status": {
                "conditions": [
                    {
                        "lastProbeTime": null,
                        "lastTransitionTime": "2025-05-14T19:37:05Z",
                        "status": "False",
                        "type": "PodReadyToStartContainers"
                    },
                    {
                        "lastProbeTime": null,
                        "lastTransitionTime": "2025-05-14T19:36:39Z",
                        "reason": "PodCompleted",
                        "status": "True",
                        "type": "Initialized"
                    },
                    {
                        "lastProbeTime": null,
                        "lastTransitionTime": "2025-05-14T19:37:04Z",
                        "reason": "PodCompleted",
                        "status": "False",
                        "type": "Ready"
                    },
                    {
                        "lastProbeTime": null,
                        "lastTransitionTime": "2025-05-14T19:37:04Z",
                        "reason": "PodCompleted",
                        "status": "False",
                        "type": "ContainersReady"
                    },
                    {
                        "lastProbeTime": null,
                        "lastTransitionTime": "2025-05-14T19:36:39Z",
                        "status": "True",
                        "type": "PodScheduled"
                    }
                ],
                "containerStatuses": [
                    {
                        "containerID": "containerd://1da803be5fc88ba5c540bcc7e80ced0d474a7c5d4fed783940512a7c60a90b6d",
                        "image": "docker.io/anakli/cca:parsec_dedup",
                        "imageID": "docker.io/anakli/cca@sha256:4bd64384b51253d5f69a5bb229055c6d114e4751b19036f29d8e75d84b53164d",
                        "lastState": {},
                        "name": "dedup",
                        "ready": false,
                        "restartCount": 0,
                        "started": false,
                        "state": {
                            "terminated": {
                                "containerID": "containerd://1da803be5fc88ba5c540bcc7e80ced0d474a7c5d4fed783940512a7c60a90b6d",
                                "exitCode": 0,
                                "finishedAt": "2025-05-14T19:36:58Z",
                                "reason": "Completed",
                                "startedAt": "2025-05-14T19:36:41Z"
                            }
                        },
                        "volumeMounts": [
                            {
                                "mountPath": "/var/run/secrets/kubernetes.io/serviceaccount",
                                "name": "kube-api-access-znlvz",
                                "readOnly": true,
                                "recursiveReadOnly": "Disabled"
                            }
                        ]
                    }
                ],
                "hostIP": "10.0.16.7",
                "hostIPs": [
                    {
                        "ip": "10.0.16.7"
                    }
                ],
                "phase": "Succeeded",
                "podIP": "100.96.4.48",
                "podIPs": [
                    {
                        "ip": "100.96.4.48"
                    }
                ],
                "qosClass": "Burstable",
                "startTime": "2025-05-14T19:36:39Z"
            }
        },
        {
            "apiVersion": "v1",
            "kind": "Pod",
            "metadata": {
                "annotations": {
                    "kubernetes.io/limit-ranger": "LimitRanger plugin set: cpu request for container ferret"
                },
                "creationTimestamp": "2025-05-14T19:35:25Z",
                "generateName": "ferret-",
                "labels": {
                    "batch.kubernetes.io/controller-uid": "1b1ae2c4-e316-4ec4-86c1-50ad49fcfffd",
                    "batch.kubernetes.io/job-name": "ferret",
                    "controller-uid": "1b1ae2c4-e316-4ec4-86c1-50ad49fcfffd",
                    "job-name": "ferret"
                },
                "name": "ferret-bphrd",
                "namespace": "default",
                "ownerReferences": [
                    {
                        "apiVersion": "batch/v1",
                        "blockOwnerDeletion": true,
                        "controller": true,
                        "kind": "Job",
                        "name": "ferret",
                        "uid": "1b1ae2c4-e316-4ec4-86c1-50ad49fcfffd"
                    }
                ],
                "resourceVersion": "46788",
                "uid": "e50a3dde-c7cb-406d-801d-f781b2feae9c"
            },
            "spec": {
                "containers": [
                    {
                        "args": [
                            "-c",
                            "taskset -c 0,1,2,3 ./run -a run -S parsec -p ferret -i native -n 4"
                        ],
                        "command": [
                            "/bin/sh"
                        ],
                        "image": "anakli/cca:parsec_ferret",
                        "imagePullPolicy": "Always",
                        "name": "ferret",
                        "resources": {
                            "requests": {
                                "cpu": "100m"
                            }
                        },
                        "terminationMessagePath": "/dev/termination-log",
                        "terminationMessagePolicy": "File",
                        "volumeMounts": [
                            {
                                "mountPath": "/var/run/secrets/kubernetes.io/serviceaccount",
                                "name": "kube-api-access-dh6qq",
                                "readOnly": true
                            }
                        ]
                    }
                ],
                "dnsPolicy": "ClusterFirst",
                "enableServiceLinks": true,
                "nodeName": "node-d-4core-z2nn",
                "nodeSelector": {
                    "cca-project-nodetype": "node-d-4core"
                },
                "preemptionPolicy": "PreemptLowerPriority",
                "priority": 0,
                "restartPolicy": "Never",
                "schedulerName": "default-scheduler",
                "securityContext": {},
                "serviceAccount": "default",
                "serviceAccountName": "default",
                "terminationGracePeriodSeconds": 30,
                "tolerations": [
                    {
                        "effect": "NoExecute",
                        "key": "node.kubernetes.io/not-ready",
                        "operator": "Exists",
                        "tolerationSeconds": 300
                    },
                    {
                        "effect": "NoExecute",
                        "key": "node.kubernetes.io/unreachable",
                        "operator": "Exists",
                        "tolerationSeconds": 300
                    }
                ],
                "volumes": [
                    {
                        "name": "kube-api-access-dh6qq",
                        "projected": {
                            "defaultMode": 420,
                            "sources": [
                                {
                                    "serviceAccountToken": {
                                        "expirationSeconds": 3607,
                                        "path": "token"
                                    }
                                },
                                {
                                    "configMap": {
                                        "items": [
                                            {
                                                "key": "ca.crt",
                                                "path": "ca.crt"
                                            }
                                        ],
                                        "name": "kube-root-ca.crt"
                                    }
                                },
                                {
                                    "downwardAPI": {
                                        "items": [
                                            {
                                                "fieldRef": {
                                                    "apiVersion": "v1",
                                                    "fieldPath": "metadata.namespace"
                                                },
                                                "path": "namespace"
                                            }
                                        ]
                                    }
                                }
                            ]
                        }
                    }
                ]
            },
            "status": {
                "conditions": [
                    {
                        "lastProbeTime": null,
                        "lastTransitionTime": "2025-05-14T19:37:57Z",
                        "status": "False",
                        "type": "PodReadyToStartContainers"
                    },
                    {
                        "lastProbeTime": null,
                        "lastTransitionTime": "2025-05-14T19:35:25Z",
                        "reason": "PodCompleted",
                        "status": "True",
                        "type": "Initialized"
                    },
                    {
                        "lastProbeTime": null,
                        "lastTransitionTime": "2025-05-14T19:37:56Z",
                        "reason": "PodCompleted",
                        "status": "False",
                        "type": "Ready"
                    },
                    {
                        "lastProbeTime": null,
                        "lastTransitionTime": "2025-05-14T19:37:56Z",
                        "reason": "PodCompleted",
                        "status": "False",
                        "type": "ContainersReady"
                    },
                    {
                        "lastProbeTime": null,
                        "lastTransitionTime": "2025-05-14T19:35:25Z",
                        "status": "True",
                        "type": "PodScheduled"
                    }
                ],
                "containerStatuses": [
                    {
                        "containerID": "containerd://769d6bce2e1797d2075960255eacbd91e43ce0021133d2d5e39b63fb2dd22d17",
                        "image": "docker.io/anakli/cca:parsec_ferret",
                        "imageID": "docker.io/anakli/cca@sha256:3f14f111258188c28b3d2b7a7f3510220f99048148a083cd9fc6168daaea9e17",
                        "lastState": {},
                        "name": "ferret",
                        "ready": false,
                        "restartCount": 0,
                        "started": false,
                        "state": {
                            "terminated": {
                                "containerID": "containerd://769d6bce2e1797d2075960255eacbd91e43ce0021133d2d5e39b63fb2dd22d17",
                                "exitCode": 0,
                                "finishedAt": "2025-05-14T19:37:56Z",
                                "reason": "Completed",
                                "startedAt": "2025-05-14T19:35:26Z"
                            }
                        },
                        "volumeMounts": [
                            {
                                "mountPath": "/var/run/secrets/kubernetes.io/serviceaccount",
                                "name": "kube-api-access-dh6qq",
                                "readOnly": true,
                                "recursiveReadOnly": "Disabled"
                            }
                        ]
                    }
                ],
                "hostIP": "10.0.16.7",
                "hostIPs": [
                    {
                        "ip": "10.0.16.7"
                    }
                ],
                "phase": "Succeeded",
                "podIP": "100.96.4.47",
                "podIPs": [
                    {
                        "ip": "100.96.4.47"
                    }
                ],
                "qosClass": "Burstable",
                "startTime": "2025-05-14T19:35:25Z"
            }
        },
        {
            "apiVersion": "v1",
            "kind": "Pod",
            "metadata": {
                "annotations": {
                    "kubernetes.io/limit-ranger": "LimitRanger plugin set: cpu request for container freqmine"
                },
                "creationTimestamp": "2025-05-14T19:35:25Z",
                "generateName": "freqmine-",
                "labels": {
                    "batch.kubernetes.io/controller-uid": "862aa719-68d8-4cf7-8020-4c1882aec6ac",
                    "batch.kubernetes.io/job-name": "freqmine",
                    "controller-uid": "862aa719-68d8-4cf7-8020-4c1882aec6ac",
                    "job-name": "freqmine"
                },
                "name": "freqmine-pvgz4",
                "namespace": "default",
                "ownerReferences": [
                    {
                        "apiVersion": "batch/v1",
                        "blockOwnerDeletion": true,
                        "controller": true,
                        "kind": "Job",
                        "name": "freqmine",
                        "uid": "862aa719-68d8-4cf7-8020-4c1882aec6ac"
                    }
                ],
                "resourceVersion": "46845",
                "uid": "92919b49-71b0-4348-9cf0-db2b640506bf"
            },
            "spec": {
                "containers": [
                    {
                        "args": [
                            "-c",
                            "taskset -c 0,1,2,3 ./run -a run -S parsec -p freqmine -i native -n 4"
                        ],
                        "command": [
                            "/bin/sh"
                        ],
                        "image": "anakli/cca:parsec_freqmine",
                        "imagePullPolicy": "Always",
                        "name": "freqmine",
                        "resources": {
                            "requests": {
                                "cpu": "100m"
                            }
                        },
                        "terminationMessagePath": "/dev/termination-log",
                        "terminationMessagePolicy": "File",
                        "volumeMounts": [
                            {
                                "mountPath": "/var/run/secrets/kubernetes.io/serviceaccount",
                                "name": "kube-api-access-cz742",
                                "readOnly": true
                            }
                        ]
                    }
                ],
                "dnsPolicy": "ClusterFirst",
                "enableServiceLinks": true,
                "nodeName": "node-c-4core-pgkr",
                "nodeSelector": {
                    "cca-project-nodetype": "node-c-4core"
                },
                "preemptionPolicy": "PreemptLowerPriority",
                "priority": 0,
                "restartPolicy": "Never",
                "schedulerName": "default-scheduler",
                "securityContext": {},
                "serviceAccount": "default",
                "serviceAccountName": "default",
                "terminationGracePeriodSeconds": 30,
                "tolerations": [
                    {
                        "effect": "NoExecute",
                        "key": "node.kubernetes.io/not-ready",
                        "operator": "Exists",
                        "tolerationSeconds": 300
                    },
                    {
                        "effect": "NoExecute",
                        "key": "node.kubernetes.io/unreachable",
                        "operator": "Exists",
                        "tolerationSeconds": 300
                    }
                ],
                "volumes": [
                    {
                        "name": "kube-api-access-cz742",
                        "projected": {
                            "defaultMode": 420,
                            "sources": [
                                {
                                    "serviceAccountToken": {
                                        "expirationSeconds": 3607,
                                        "path": "token"
                                    }
                                },
                                {
                                    "configMap": {
                                        "items": [
                                            {
                                                "key": "ca.crt",
                                                "path": "ca.crt"
                                            }
                                        ],
                                        "name": "kube-root-ca.crt"
                                    }
                                },
                                {
                                    "downwardAPI": {
                                        "items": [
                                            {
                                                "fieldRef": {
                                                    "apiVersion": "v1",
                                                    "fieldPath": "metadata.namespace"
                                                },
                                                "path": "namespace"
                                            }
                                        ]
                                    }
                                }
                            ]
                        }
                    }
                ]
            },
            "status": {
                "conditions": [
                    {
                        "lastProbeTime": null,
                        "lastTransitionTime": "2025-05-14T19:38:10Z",
                        "status": "False",
                        "type": "PodReadyToStartContainers"
                    },
                    {
                        "lastProbeTime": null,
                        "lastTransitionTime": "2025-05-14T19:35:25Z",
                        "reason": "PodCompleted",
                        "status": "True",
                        "type": "Initialized"
                    },
                    {
                        "lastProbeTime": null,
                        "lastTransitionTime": "2025-05-14T19:38:09Z",
                        "reason": "PodCompleted",
                        "status": "False",
                        "type": "Ready"
                    },
                    {
                        "lastProbeTime": null,
                        "lastTransitionTime": "2025-05-14T19:38:09Z",
                        "reason": "PodCompleted",
                        "status": "False",
                        "type": "ContainersReady"
                    },
                    {
                        "lastProbeTime": null,
                        "lastTransitionTime": "2025-05-14T19:35:25Z",
                        "status": "True",
                        "type": "PodScheduled"
                    }
                ],
                "containerStatuses": [
                    {
                        "containerID": "containerd://8a69802b171ab5b799cd5f31015fb64592b446c9db578d9becb72fae45379cc1",
                        "image": "docker.io/anakli/cca:parsec_freqmine",
                        "imageID": "docker.io/anakli/cca@sha256:c2a2f85fe345a655e84a629f04a1ca30482b9c0dd658bed193ed1d70a6395e5a",
                        "lastState": {},
                        "name": "freqmine",
                        "ready": false,
                        "restartCount": 0,
                        "started": false,
                        "state": {
                            "terminated": {
                                "containerID": "containerd://8a69802b171ab5b799cd5f31015fb64592b446c9db578d9becb72fae45379cc1",
                                "exitCode": 0,
                                "finishedAt": "2025-05-14T19:38:08Z",
                                "reason": "Completed",
                                "startedAt": "2025-05-14T19:35:26Z"
                            }
                        },
                        "volumeMounts": [
                            {
                                "mountPath": "/var/run/secrets/kubernetes.io/serviceaccount",
                                "name": "kube-api-access-cz742",
                                "readOnly": true,
                                "recursiveReadOnly": "Disabled"
                            }
                        ]
                    }
                ],
                "hostIP": "10.0.16.6",
                "hostIPs": [
                    {
                        "ip": "10.0.16.6"
                    }
                ],
                "phase": "Succeeded",
                "podIP": "100.96.1.38",
                "podIPs": [
                    {
                        "ip": "100.96.1.38"
                    }
                ],
                "qosClass": "Burstable",
                "startTime": "2025-05-14T19:35:25Z"
            }
        },
        {
            "apiVersion": "v1",
            "kind": "Pod",
            "metadata": {
                "annotations": {
                    "kubernetes.io/limit-ranger": "LimitRanger plugin set: cpu request for container radix"
                },
                "creationTimestamp": "2025-05-14T19:35:25Z",
                "generateName": "radix-",
                "labels": {
                    "batch.kubernetes.io/controller-uid": "b642d6b2-31d1-477c-8af3-c3bdff4f5a79",
                    "batch.kubernetes.io/job-name": "radix",
                    "controller-uid": "b642d6b2-31d1-477c-8af3-c3bdff4f5a79",
                    "job-name": "radix"
                },
                "name": "radix-zrz4c",
                "namespace": "default",
                "ownerReferences": [
                    {
                        "apiVersion": "batch/v1",
                        "blockOwnerDeletion": true,
                        "controller": true,
                        "kind": "Job",
                        "name": "radix",
                        "uid": "b642d6b2-31d1-477c-8af3-c3bdff4f5a79"
                    }
                ],
                "resourceVersion": "46548",
                "uid": "c85e59dd-edba-49dc-921d-c06e8c8a11e4"
            },
            "spec": {
                "containers": [
                    {
                        "args": [
                            "-c",
                            "taskset -c 0 ./run -a run -S splash2x -p radix -i native -n 1"
                        ],
                        "command": [
                            "/bin/sh"
                        ],
                        "image": "anakli/cca:splash2x_radix",
                        "imagePullPolicy": "Always",
                        "name": "radix",
                        "resources": {
                            "requests": {
                                "cpu": "100m"
                            }
                        },
                        "terminationMessagePath": "/dev/termination-log",
                        "terminationMessagePolicy": "File",
                        "volumeMounts": [
                            {
                                "mountPath": "/var/run/secrets/kubernetes.io/serviceaccount",
                                "name": "kube-api-access-hrlxt",
                                "readOnly": true
                            }
                        ]
                    }
                ],
                "dnsPolicy": "ClusterFirst",
                "enableServiceLinks": true,
                "nodeName": "node-a-2core-h460",
                "nodeSelector": {
                    "cca-project-nodetype": "node-a-2core"
                },
                "preemptionPolicy": "PreemptLowerPriority",
                "priority": 0,
                "restartPolicy": "Never",
                "schedulerName": "default-scheduler",
                "securityContext": {},
                "serviceAccount": "default",
                "serviceAccountName": "default",
                "terminationGracePeriodSeconds": 30,
                "tolerations": [
                    {
                        "effect": "NoExecute",
                        "key": "node.kubernetes.io/not-ready",
                        "operator": "Exists",
                        "tolerationSeconds": 300
                    },
                    {
                        "effect": "NoExecute",
                        "key": "node.kubernetes.io/unreachable",
                        "operator": "Exists",
                        "tolerationSeconds": 300
                    }
                ],
                "volumes": [
                    {
                        "name": "kube-api-access-hrlxt",
                        "projected": {
                            "defaultMode": 420,
                            "sources": [
                                {
                                    "serviceAccountToken": {
                                        "expirationSeconds": 3607,
                                        "path": "token"
                                    }
                                },
                                {
                                    "configMap": {
                                        "items": [
                                            {
                                                "key": "ca.crt",
                                                "path": "ca.crt"
                                            }
                                        ],
                                        "name": "kube-root-ca.crt"
                                    }
                                },
                                {
                                    "downwardAPI": {
                                        "items": [
                                            {
                                                "fieldRef": {
                                                    "apiVersion": "v1",
                                                    "fieldPath": "metadata.namespace"
                                                },
                                                "path": "namespace"
                                            }
                                        ]
                                    }
                                }
                            ]
                        }
                    }
                ]
            },
            "status": {
                "conditions": [
                    {
                        "lastProbeTime": null,
                        "lastTransitionTime": "2025-05-14T19:36:59Z",
                        "status": "False",
                        "type": "PodReadyToStartContainers"
                    },
                    {
                        "lastProbeTime": null,
                        "lastTransitionTime": "2025-05-14T19:35:25Z",
                        "reason": "PodCompleted",
                        "status": "True",
                        "type": "Initialized"
                    },
                    {
                        "lastProbeTime": null,
                        "lastTransitionTime": "2025-05-14T19:36:58Z",
                        "reason": "PodCompleted",
                        "status": "False",
                        "type": "Ready"
                    },
                    {
                        "lastProbeTime": null,
                        "lastTransitionTime": "2025-05-14T19:36:58Z",
                        "reason": "PodCompleted",
                        "status": "False",
                        "type": "ContainersReady"
                    },
                    {
                        "lastProbeTime": null,
                        "lastTransitionTime": "2025-05-14T19:35:25Z",
                        "status": "True",
                        "type": "PodScheduled"
                    }
                ],
                "containerStatuses": [
                    {
                        "containerID": "containerd://740dfe3796546e0b9e3e12b67d045228e4486e7603b8d3e513a1537cdb26277f",
                        "image": "docker.io/anakli/cca:splash2x_radix",
                        "imageID": "docker.io/anakli/cca@sha256:dbf0e10e749cf6544504ec0c90a206b8fcdc7fced6c23df536f5857f3f0ed319",
                        "lastState": {},
                        "name": "radix",
                        "ready": false,
                        "restartCount": 0,
                        "started": false,
                        "state": {
                            "terminated": {
                                "containerID": "containerd://740dfe3796546e0b9e3e12b67d045228e4486e7603b8d3e513a1537cdb26277f",
                                "exitCode": 0,
                                "finishedAt": "2025-05-14T19:36:57Z",
                                "reason": "Completed",
                                "startedAt": "2025-05-14T19:35:26Z"
                            }
                        },
                        "volumeMounts": [
                            {
                                "mountPath": "/var/run/secrets/kubernetes.io/serviceaccount",
                                "name": "kube-api-access-hrlxt",
                                "readOnly": true,
                                "recursiveReadOnly": "Disabled"
                            }
                        ]
                    }
                ],
                "hostIP": "10.0.16.3",
                "hostIPs": [
                    {
                        "ip": "10.0.16.3"
                    }
                ],
                "phase": "Succeeded",
                "podIP": "100.96.9.40",
                "podIPs": [
                    {
                        "ip": "100.96.9.40"
                    }
                ],
                "qosClass": "Burstable",
                "startTime": "2025-05-14T19:35:25Z"
            }
        },
        {
            "apiVersion": "v1",
            "kind": "Pod",
            "metadata": {
                "annotations": {
                    "kubernetes.io/limit-ranger": "LimitRanger plugin set: cpu request for container memcached"
                },
                "creationTimestamp": "2025-05-14T19:34:48Z",
                "labels": {
                    "name": "some-memcached"
                },
                "name": "some-memcached",
                "namespace": "default",
                "resourceVersion": "45990",
                "uid": "fbf355bd-185d-46df-bc87-7c2d1b316f61"
            },
            "spec": {
                "containers": [
                    {
                        "args": [
                            "-c",
                            "taskset -c 1 ./memcached -t 1 -u memcache"
                        ],
                        "command": [
                            "/bin/sh"
                        ],
                        "image": "anakli/memcached:t1",
                        "imagePullPolicy": "Always",
                        "name": "memcached",
                        "resources": {
                            "requests": {
                                "cpu": "100m"
                            }
                        },
                        "terminationMessagePath": "/dev/termination-log",
                        "terminationMessagePolicy": "File",
                        "volumeMounts": [
                            {
                                "mountPath": "/var/run/secrets/kubernetes.io/serviceaccount",
                                "name": "kube-api-access-6t2dq",
                                "readOnly": true
                            }
                        ]
                    }
                ],
                "dnsPolicy": "ClusterFirst",
                "enableServiceLinks": true,
                "nodeName": "node-a-2core-h460",
                "nodeSelector": {
                    "cca-project-nodetype": "node-a-2core"
                },
                "preemptionPolicy": "PreemptLowerPriority",
                "priority": 0,
                "restartPolicy": "Always",
                "schedulerName": "default-scheduler",
                "securityContext": {},
                "serviceAccount": "default",
                "serviceAccountName": "default",
                "terminationGracePeriodSeconds": 30,
                "tolerations": [
                    {
                        "effect": "NoExecute",
                        "key": "node.kubernetes.io/not-ready",
                        "operator": "Exists",
                        "tolerationSeconds": 300
                    },
                    {
                        "effect": "NoExecute",
                        "key": "node.kubernetes.io/unreachable",
                        "operator": "Exists",
                        "tolerationSeconds": 300
                    }
                ],
                "volumes": [
                    {
                        "name": "kube-api-access-6t2dq",
                        "projected": {
                            "defaultMode": 420,
                            "sources": [
                                {
                                    "serviceAccountToken": {
                                        "expirationSeconds": 3607,
                                        "path": "token"
                                    }
                                },
                                {
                                    "configMap": {
                                        "items": [
                                            {
                                                "key": "ca.crt",
                                                "path": "ca.crt"
                                            }
                                        ],
                                        "name": "kube-root-ca.crt"
                                    }
                                },
                                {
                                    "downwardAPI": {
                                        "items": [
                                            {
                                                "fieldRef": {
                                                    "apiVersion": "v1",
                                                    "fieldPath": "metadata.namespace"
                                                },
                                                "path": "namespace"
                                            }
                                        ]
                                    }
                                }
                            ]
                        }
                    }
                ]
            },
            "status": {
                "conditions": [
                    {
                        "lastProbeTime": null,
                        "lastTransitionTime": "2025-05-14T19:34:50Z",
                        "status": "True",
                        "type": "PodReadyToStartContainers"
                    },
                    {
                        "lastProbeTime": null,
                        "lastTransitionTime": "2025-05-14T19:34:48Z",
                        "status": "True",
                        "type": "Initialized"
                    },
                    {
                        "lastProbeTime": null,
                        "lastTransitionTime": "2025-05-14T19:34:50Z",
                        "status": "True",
                        "type": "Ready"
                    },
                    {
                        "lastProbeTime": null,
                        "lastTransitionTime": "2025-05-14T19:34:50Z",
                        "status": "True",
                        "type": "ContainersReady"
                    },
                    {
                        "lastProbeTime": null,
                        "lastTransitionTime": "2025-05-14T19:34:48Z",
                        "status": "True",
                        "type": "PodScheduled"
                    }
                ],
                "containerStatuses": [
                    {
                        "containerID": "containerd://ab6e5d86ef4557c3568d0690c56bc4e8d911ce82ce1c6cb5aa5c64d709821ed4",
                        "image": "docker.io/anakli/memcached:t1",
                        "imageID": "sha256:5366d8d9fe88b4f31f0f2a8e5b3a14db60afab3c6c5ee3d58be293c1fb232804",
                        "lastState": {},
                        "name": "memcached",
                        "ready": true,
                        "restartCount": 0,
                        "started": true,
                        "state": {
                            "running": {
                                "startedAt": "2025-05-14T19:34:50Z"
                            }
                        },
                        "volumeMounts": [
                            {
                                "mountPath": "/var/run/secrets/kubernetes.io/serviceaccount",
                                "name": "kube-api-access-6t2dq",
                                "readOnly": true,
                                "recursiveReadOnly": "Disabled"
                            }
                        ]
                    }
                ],
                "hostIP": "10.0.16.3",
                "hostIPs": [
                    {
                        "ip": "10.0.16.3"
                    }
                ],
                "phase": "Running",
                "podIP": "100.96.9.39",
                "podIPs": [
                    {
                        "ip": "100.96.9.39"
                    }
                ],
                "qosClass": "Burstable",
                "startTime": "2025-05-14T19:34:48Z"
            }
        },
        {
            "apiVersion": "v1",
            "kind": "Pod",
            "metadata": {
                "annotations": {
                    "kubernetes.io/limit-ranger": "LimitRanger plugin set: cpu request for container vips"
                },
                "creationTimestamp": "2025-05-14T19:35:24Z",
                "generateName": "vips-",
                "labels": {
                    "batch.kubernetes.io/controller-uid": "73d24681-6fa4-4b5a-bfbb-83e0b5156116",
                    "batch.kubernetes.io/job-name": "vips",
                    "controller-uid": "73d24681-6fa4-4b5a-bfbb-83e0b5156116",
                    "job-name": "vips"
                },
                "name": "vips-6ql7q",
                "namespace": "default",
                "ownerReferences": [
                    {
                        "apiVersion": "batch/v1",
                        "blockOwnerDeletion": true,
                        "controller": true,
                        "kind": "Job",
                        "name": "vips",
                        "uid": "73d24681-6fa4-4b5a-bfbb-83e0b5156116"
                    }
                ],
                "resourceVersion": "46685",
                "uid": "ee7e6f38-f42f-4aed-9747-e5571ee2b75d"
            },
            "spec": {
                "containers": [
                    {
                        "args": [
                            "-c",
                            "taskset -c 0 ./run -a run -S parsec -p vips -i native -n 1"
                        ],
                        "command": [
                            "/bin/sh"
                        ],
                        "image": "anakli/cca:parsec_vips",
                        "imagePullPolicy": "Always",
                        "name": "vips",
                        "resources": {
                            "requests": {
                                "cpu": "100m"
                            }
                        },
                        "terminationMessagePath": "/dev/termination-log",
                        "terminationMessagePolicy": "File",
                        "volumeMounts": [
                            {
                                "mountPath": "/var/run/secrets/kubernetes.io/serviceaccount",
                                "name": "kube-api-access-4nl27",
                                "readOnly": true
                            }
                        ]
                    }
                ],
                "dnsPolicy": "ClusterFirst",
                "enableServiceLinks": true,
                "nodeName": "node-c-4core-pgkr",
                "nodeSelector": {
                    "cca-project-nodetype": "node-c-4core"
                },
                "preemptionPolicy": "PreemptLowerPriority",
                "priority": 0,
                "restartPolicy": "Never",
                "schedulerName": "default-scheduler",
                "securityContext": {},
                "serviceAccount": "default",
                "serviceAccountName": "default",
                "terminationGracePeriodSeconds": 30,
                "tolerations": [
                    {
                        "effect": "NoExecute",
                        "key": "node.kubernetes.io/not-ready",
                        "operator": "Exists",
                        "tolerationSeconds": 300
                    },
                    {
                        "effect": "NoExecute",
                        "key": "node.kubernetes.io/unreachable",
                        "operator": "Exists",
                        "tolerationSeconds": 300
                    }
                ],
                "volumes": [
                    {
                        "name": "kube-api-access-4nl27",
                        "projected": {
                            "defaultMode": 420,
                            "sources": [
                                {
                                    "serviceAccountToken": {
                                        "expirationSeconds": 3607,
                                        "path": "token"
                                    }
                                },
                                {
                                    "configMap": {
                                        "items": [
                                            {
                                                "key": "ca.crt",
                                                "path": "ca.crt"
                                            }
                                        ],
                                        "name": "kube-root-ca.crt"
                                    }
                                },
                                {
                                    "downwardAPI": {
                                        "items": [
                                            {
                                                "fieldRef": {
                                                    "apiVersion": "v1",
                                                    "fieldPath": "metadata.namespace"
                                                },
                                                "path": "namespace"
                                            }
                                        ]
                                    }
                                }
                            ]
                        }
                    }
                ]
            },
            "status": {
                "conditions": [
                    {
                        "lastProbeTime": null,
                        "lastTransitionTime": "2025-05-14T19:37:33Z",
                        "status": "False",
                        "type": "PodReadyToStartContainers"
                    },
                    {
                        "lastProbeTime": null,
                        "lastTransitionTime": "2025-05-14T19:35:24Z",
                        "reason": "PodCompleted",
                        "status": "True",
                        "type": "Initialized"
                    },
                    {
                        "lastProbeTime": null,
                        "lastTransitionTime": "2025-05-14T19:37:31Z",
                        "reason": "PodCompleted",
                        "status": "False",
                        "type": "Ready"
                    },
                    {
                        "lastProbeTime": null,
                        "lastTransitionTime": "2025-05-14T19:37:31Z",
                        "reason": "PodCompleted",
                        "status": "False",
                        "type": "ContainersReady"
                    },
                    {
                        "lastProbeTime": null,
                        "lastTransitionTime": "2025-05-14T19:35:24Z",
                        "status": "True",
                        "type": "PodScheduled"
                    }
                ],
                "containerStatuses": [
                    {
                        "containerID": "containerd://2f9608f65050e4098ac3e27976aa928e9456457a254681aaa82925db43eaf219",
                        "image": "docker.io/anakli/cca:parsec_vips",
                        "imageID": "docker.io/anakli/cca@sha256:5c719838bc3d4d72143f27ca60bb5fe6f5f5b60be53b3972e73350596aa03547",
                        "lastState": {},
                        "name": "vips",
                        "ready": false,
                        "restartCount": 0,
                        "started": false,
                        "state": {
                            "terminated": {
                                "containerID": "containerd://2f9608f65050e4098ac3e27976aa928e9456457a254681aaa82925db43eaf219",
                                "exitCode": 0,
                                "finishedAt": "2025-05-14T19:37:31Z",
                                "reason": "Completed",
                                "startedAt": "2025-05-14T19:35:25Z"
                            }
                        },
                        "volumeMounts": [
                            {
                                "mountPath": "/var/run/secrets/kubernetes.io/serviceaccount",
                                "name": "kube-api-access-4nl27",
                                "readOnly": true,
                                "recursiveReadOnly": "Disabled"
                            }
                        ]
                    }
                ],
                "hostIP": "10.0.16.6",
                "hostIPs": [
                    {
                        "ip": "10.0.16.6"
                    }
                ],
                "phase": "Succeeded",
                "podIP": "100.96.1.37",
                "podIPs": [
                    {
                        "ip": "100.96.1.37"
                    }
                ],
                "qosClass": "Burstable",
                "startTime": "2025-05-14T19:35:24Z"
            }
        }
    ],
    "kind": "List",
    "metadata": {
        "resourceVersion": ""
    }
}
